name,img_avg,img_std,img_kur,img_med,hist_0_64,hist_64_128,hist_128_192,hist192_256,his_avg,his_std,his_kur,his_med,class
RT24_34.jpg,124.14115905761719,24.07422513183138,2.9102067318008973,125.0,461,35196,29795,84,256.0,361.0766236202504,2.892892423228759,32.0,tapete
RT24_4.jpg,128.5062713623047,21.379890613223857,3.065646868310054,128.0,52,31548,33795,141,256.0,396.49961577850235,3.499009660752217,14.0,tapete
RT24_33.jpg,108.90707397460938,25.699562253216747,2.6245467436896006,109.0,2460,46934,16129,13,256.0,337.5654334717937,2.3222543029668974,36.5,tapete
RT24_14.jpg,120.45530700683594,20.637987556159025,3.27171724624759,120.0,212,42015,23254,55,256.0,410.92131622124447,3.925087021651385,18.0,tapete
RT24_15.jpg,121.75848388671875,20.827620698982816,3.357301524216007,122.0,309,39948,25236,43,256.0,411.70563665075076,4.0869604481255895,18.0,tapete
RT24_27.jpg,119.94271850585938,23.163244006021884,3.0419220777533407,120.0,605,40405,24467,59,256.0,374.3548930326676,3.19519509286867,30.0,tapete
RT24_40.jpg,121.26739501953125,20.599456013164414,2.943578751187241,122.0,149,39313,26060,14,256.0,406.16867455221114,3.6522026864273647,8.5,tapete
RT24_29.jpg,117.97395324707031,21.256670647849685,3.146805867331601,117.0,257,44623,20609,47,256.0,399.0209796332769,3.488981752591484,16.0,tapete
RT24_6.jpg,128.3446807861328,22.08566149268374,3.0863900588918987,128.0,143,31624,33609,160,256.0,387.57516408111087,3.3478295367309387,18.5,tapete
RT24_23.jpg,120.10574340820312,23.148199932777658,3.0244097574370516,120.0,530,40372,24579,55,256.0,373.7258039826793,3.1524171042694027,23.5,tapete
RT24_24.jpg,132.16915893554688,24.068668897754726,3.118863299286065,133.0,211,26575,38337,413,256.0,365.639348009073,3.131302098528447,38.5,tapete
RT24_37.jpg,118.38484191894531,20.288127242925718,2.8430393340484175,120.0,204,42461,22869,2,256.0,411.7212915006947,3.848160136667436,6.5,tapete
RT24_20.jpg,130.43869018554688,22.14509098158181,3.262473612367001,131.0,144,28572,36607,213,256.0,391.6286905347973,3.6311732662204266,21.5,tapete
RT24_2.jpg,125.34318542480469,23.744174738119888,3.0159404580597475,125.0,258,35378,29680,220,256.0,366.6180531220469,3.02862683115934,34.0,tapete
RT24_8.jpg,115.42994689941406,23.148234601591245,2.9817859767031463,116.0,867,44738,19908,23,256.0,372.7000825898755,3.0623181748343486,29.5,tapete
RT24_12.jpg,111.44392395019531,20.495124765869722,3.0049813003591734,111.0,363,51157,14010,6,256.0,406.77677385760364,3.572107701084659,11.0,tapete
RT24_11.jpg,132.29315185546875,21.366395511542205,2.9105251880455603,133.0,55,26652,38715,114,256.0,392.8529464061584,3.290033506764258,13.0,tapete
RT24_13.jpg,117.73133850097656,17.110616695173658,3.5191994444229713,117.0,78,47793,17658,7,256.0,470.00829447468266,5.007002202228569,5.0,tapete
RT24_25.jpg,119.04393005371094,23.09991794765183,3.006051137965947,118.0,405,42297,22762,72,256.0,374.16796236783824,3.155951993693983,24.5,tapete
RT24_31.jpg,114.18362426757812,23.339535584235726,2.854966978672472,114.0,608,46346,18544,38,256.0,367.3451629598517,2.8610350375102502,25.5,tapete
RT24_21.jpg,117.47137451171875,20.660414485774453,4.005622240941346,118.0,427,45074,20013,22,256.0,414.61737820851164,3.9926757764226126,14.0,tapete
RT24_1.jpg,117.49165344238281,18.488394498076392,3.2762244301575416,117.0,94,47109,18325,8,256.0,442.1394717733308,4.3342719839720125,6.0,tapete
RT24_35.jpg,116.33782958984375,23.001295120554424,3.1447854297200126,117.0,695,43149,21686,6,256.0,372.3676568594539,2.839487448061756,16.0,tapete
RT24_10.jpg,124.36686706542969,20.15430905109688,2.7944021781419823,125.0,72,35516,29943,5,256.0,407.66206516549954,3.4031987649179594,5.5,tapete
RT24_22.jpg,119.87791442871094,21.69929370814644,3.0757752165818752,120.0,326,41729,23446,35,256.0,392.80066111833366,3.4645787419341403,18.0,tapete
RT24_28.jpg,122.98481750488281,22.585290917007942,3.154140782057797,122.0,204,38713,26474,145,256.0,383.71205024080234,3.412081630545186,25.0,tapete
RT24_18.jpg,115.01268005371094,24.094816615337827,2.862337807820027,114.0,773,45126,19591,46,256.0,359.4295067360219,2.827449079258709,27.5,tapete
RT24_5.jpg,122.12176513671875,22.12495390089467,2.9744086914161962,121.0,129,39627,25683,97,256.0,385.1758222714661,3.244956224843457,18.0,tapete
RT24_16.jpg,126.77725219726562,22.794829524360065,3.184444732737467,127.0,251,33531,31594,160,256.0,381.0046854206651,3.3704463412395413,29.5,tapete
RT24_7.jpg,111.46578979492188,20.592636073890972,2.87210480645284,111.0,311,50874,14347,4,256.0,402.8872942585805,3.398840488470186,6.5,tapete
RT24_19.jpg,126.67323303222656,21.471255683787913,3.022594394793605,126.0,72,34193,31165,106,256.0,393.8497591880691,3.375221104369934,14.0,tapete
RT24_39.jpg,117.90754699707031,20.78304254901305,3.001455165753532,119.0,341,43292,21896,7,256.0,405.1415551230212,3.683395502671263,10.5,tapete
RT24_36.jpg,122.48577880859375,21.25075206398726,3.006999526543223,123.0,226,37848,27433,29,256.0,396.58888308612484,3.349656426065571,14.5,tapete
RT24_38.jpg,115.08172607421875,20.461928683255557,2.8886177491434855,117.0,531,46259,18746,0,256.0,408.89253057802364,3.7032652004951028,6.5,tapete
RT24_17.jpg,118.27767944335938,19.956933302757147,2.89923600602966,119.0,163,43879,21490,4,256.0,412.2250409363798,3.571852386771005,7.0,tapete
RT24_9.jpg,119.69978332519531,23.72406975098203,3.170558164685912,121.0,786,40005,24677,68,256.0,370.8703340623243,3.279615629893173,34.0,tapete
RT24_30.jpg,108.59298706054688,23.67017428167793,2.9880410664259296,109.0,1804,50086,13616,30,256.0,366.9261569955186,3.055410765168447,34.0,tapete
RT24_3.jpg,117.44309997558594,24.05702866843293,2.950631324200912,118.0,904,42189,22393,50,256.0,362.0485119428058,2.929693611620555,34.0,tapete
RT24_26.jpg,118.64993286132812,20.470063754826487,2.949673248364131,119.0,239,43311,21982,4,256.0,406.0907957279997,3.5318861040813814,10.0,tapete
RT24_32.jpg,116.73060607910156,25.23488862745249,2.66133956712267,120.0,1637,38434,25454,11,256.0,352.9579914805727,2.7483689968806613,27.0,tapete
RT22_27.jpg,152.88600158691406,23.021879758154,2.413288043036707,147.0,1,6468,53998,5069,256.0,446.4231106808876,5.426931579951395,1.0,piso
RT22_19.jpg,156.19314575195312,22.262410390555228,2.908834597019134,147.0,0,712,58273,6551,256.0,533.6904240756058,10.088978569225878,6.0,piso
RT22_4.jpg,155.78634643554688,20.914518645926837,2.392667516622509,147.0,0,949,59426,5161,256.0,581.2544421873264,14.83888167289952,0.0,piso
RT22_25.jpg,154.15194702148438,22.10412402844297,2.375423153740571,149.0,0,5403,55602,4531,256.0,459.2498809199628,7.5733451665359794,1.0,piso
RT22_15.jpg,104.59541320800781,24.330585844788512,2.4329372703410916,95.0,24,49401,16110,1,256.0,480.6546235994199,8.348651194220627,1.5,piso
RT22_24.jpg,148.20726013183594,28.095480869932164,2.4088327144979442,135.0,0,14198,43346,7992,256.0,528.9256504935264,11.443523651097255,7.5,piso
RT22_40.jpg,155.12696838378906,19.635182258517332,3.171301147242521,149.0,0,1305,60044,4187,256.0,523.9983450594095,11.2465586920642,1.0,piso
RT22_21.jpg,152.7736053466797,25.62533821667299,2.4049780504094813,142.0,0,6883,51101,7552,256.0,469.6287929045663,9.594587689964731,7.0,piso
RT22_1.jpg,148.12416076660156,22.163008015921086,3.1508330579765467,140.0,0,6905,54788,3843,256.0,522.5567851918105,9.477851024576708,1.0,piso
RT22_32.jpg,150.6074676513672,23.779206030164378,2.633321832685408,142.0,0,6853,53265,5418,256.0,491.4298414448394,7.939976176610736,3.0,piso
RT22_33.jpg,156.59768676757812,21.585022985962322,3.078393004952327,147.0,0,771,58842,5923,256.0,571.4840603638916,13.787471147045004,5.0,piso
RT22_35.jpg,154.80714416503906,21.475412013581295,2.467086317146335,147.0,0,2520,58043,4973,256.0,529.9447421076088,11.236568027183475,1.0,piso
RT22_20.jpg,156.5050048828125,22.994721298966937,2.2159570946242764,148.0,0,2153,55925,7458,256.0,469.62165622977824,6.624194814160403,1.0,piso
RT22_10.jpg,153.77699279785156,19.53247876983413,3.672041842197008,147.0,4,679,60532,4321,256.0,552.6349524098164,12.27382796581279,2.5,piso
RT22_31.jpg,149.91441345214844,20.059659456627163,3.041030257215928,149.0,0,8847,54613,2076,256.0,428.46320582985885,4.7898026281995305,4.0,piso
RT22_6.jpg,151.43605041503906,27.3578568486056,2.661051950179999,141.0,0,10776,47305,7455,256.0,442.76199870810956,6.796285938777882,17.5,piso
RT22_26.jpg,151.49954223632812,26.852733095385798,2.1597420492154593,140.0,0,9101,48156,8279,256.0,472.1131435498275,8.400397902630035,4.0,piso
RT22_16.jpg,153.56361389160156,22.724428261147786,2.4648426471308573,143.0,0,2076,57989,5471,256.0,611.2830959854035,17.5073297551086,2.5,piso
RT22_13.jpg,150.3341827392578,28.244738620893227,2.0922864818172933,137.0,1,13395,42946,9194,256.0,481.92673198319267,8.827231278970002,3.0,piso
RT22_37.jpg,155.80642700195312,24.76236988567427,2.7996322492570416,147.0,0,3728,53977,7831,256.0,450.85272505276043,8.101614399439999,11.0,piso
RT22_8.jpg,153.504638671875,26.637298921151043,2.212604715199854,142.0,0,7854,48505,9177,256.0,490.7649800311754,10.625881188354244,3.0,piso
RT22_23.jpg,149.03009033203125,28.607866825007576,2.3797638600716784,139.0,0,16204,41583,7749,256.0,421.3057362978814,5.477701272903993,23.0,piso
RT22_29.jpg,150.96954345703125,25.209094827988952,2.171645102589979,140.0,0,7919,51373,6244,256.0,495.9558164544499,9.08184641812836,1.0,piso
RT22_18.jpg,154.76153564453125,21.575607881454832,2.6338699331598527,146.0,0,1656,58707,5173,256.0,575.7780334034983,15.09590643877465,3.0,piso
RT22_2.jpg,156.90472412109375,21.79074633030954,2.7055208368041255,146.0,0,488,58394,6654,256.0,637.3098797386558,17.717277072441558,4.0,piso
RT22_28.jpg,155.9803924560547,20.81184081146985,2.6143828143304786,148.0,0,304,59815,5417,256.0,549.394759314739,9.625806561619845,1.0,piso
RT22_36.jpg,151.2143096923828,23.84368889129897,2.445612594075515,142.0,0,6673,53404,5459,256.0,501.03877251416384,8.922041641020964,2.0,piso
RT22_22.jpg,156.50091552734375,23.44692712266531,2.1626676249216037,147.0,0,2710,55269,7557,256.0,522.0830124367196,11.143095546645698,1.0,piso
RT22_34.jpg,155.02316284179688,24.710601223913084,2.3529347973828156,144.0,0,1256,55874,8406,256.0,547.62590589973,10.938188704742862,1.0,piso
RT22_9.jpg,153.3068389892578,22.140473647739164,2.8479690224786562,147.0,0,4561,55658,5317,256.0,475.7826447023893,9.000951673439324,2.0,piso
RT22_11.jpg,149.97120666503906,26.92062144174701,2.3207982465438457,139.0,0,11090,46741,7705,256.0,482.6569045398605,8.3550924222267,6.5,piso
RT22_14.jpg,149.3717498779297,28.142661028735244,2.107751311893436,135.0,1,13705,42392,9438,256.0,564.2167275302993,10.35406200413747,1.0,piso
RT22_3.jpg,151.28756713867188,24.867131204055514,2.3943583199049434,139.0,0,5093,53848,6595,256.0,556.310551479567,12.53338127925943,2.0,piso
RT22_12.jpg,148.95489501953125,27.85330647086378,2.3034284601317703,137.0,0,13813,43263,8460,256.0,520.5896446578629,9.585973984265996,3.0,piso
RT22_38.jpg,152.548828125,22.63423828016294,2.494798935260084,143.0,0,2997,57496,5043,256.0,541.3398525302752,11.086065717405075,2.0,piso
RT22_30.jpg,147.27017211914062,28.845466691936807,2.3859291457268013,134.0,0,18762,38861,7913,256.0,504.8920212530596,10.406207216505942,8.0,piso
RT22_7.jpg,151.54568481445312,25.505222524646186,2.2687145922610714,142.0,0,9151,49775,6610,256.0,460.5597138265569,6.625896846831889,4.0,piso
RT22_5.jpg,152.46653747558594,23.544403531036593,2.489452306924416,143.0,0,3834,55583,6119,256.0,558.2710825060707,12.372679847878567,2.0,piso
RT22_39.jpg,155.11024475097656,23.92572113566791,2.4617551104140736,145.0,0,3513,54579,7444,256.0,506.0528010988577,11.271338656502145,4.0,piso
RT22_17.jpg,160.43218994140625,23.432313440473692,2.297672160657462,155.0,0,1698,53557,10281,256.0,421.5123811941946,4.749949077557371,0.0,piso
RT8_33.jpg,131.2272491455078,28.510756909611533,3.4176845334058035,125.0,149,35527,26854,3006,256.0,367.46074407683335,4.290794591738408,62.0,tijolos
RT8_10.jpg,125.63908386230469,33.73237935441896,3.601731124872577,119.0,511,41317,19580,4128,256.0,329.5757452771669,3.97239876687744,128.5,tijolos
RT8_38.jpg,129.77281188964844,21.581019276405538,4.387215985014125,129.0,311,29650,34951,624,256.0,420.2659964980512,4.435567831383022,32.0,tijolos
RT8_20.jpg,126.7799072265625,27.296080485202896,4.2315341178868335,125.0,288,34912,28545,1791,256.0,351.85106490530904,3.1008028932131677,69.5,tijolos
RT8_40.jpg,131.00209045410156,29.85173800821085,3.0065083594378192,118.0,0,46906,14364,4266,256.0,585.4963772838394,12.926756260061925,4.0,tijolos
RT8_7.jpg,122.97303771972656,34.92007855019613,3.70180728208943,114.0,330,44740,15987,4479,256.0,343.6363221124915,4.148189760481864,132.0,tijolos
RT8_32.jpg,136.2714080810547,30.411374128765473,3.496022844029832,128.0,119,32539,27597,5281,256.0,379.51855809367214,5.107283740955878,90.5,tijolos
RT8_4.jpg,131.3518524169922,23.70277790099271,4.381475465021324,129.0,65,30854,32838,1779,256.0,400.1476192450731,3.6277600325156016,50.5,tijolos
RT8_28.jpg,132.24339294433594,29.081435111610197,4.9389633939962465,128.0,280,32177,29170,3909,256.0,378.67263029891666,4.0748929609721385,97.5,tijolos
RT8_19.jpg,126.57057189941406,28.32247341027163,4.653326046982523,123.0,230,37219,25533,2554,256.0,359.78128121471246,3.1869988176670634,81.5,tijolos
RT8_30.jpg,133.00827026367188,29.526416270414003,3.5285647905011563,125.0,41,36208,25220,4067,256.0,387.33683056546533,5.810285521372143,91.5,tijolos
RT8_9.jpg,123.77519226074219,33.47986348487516,3.7444432805526344,115.0,154,44307,17049,4026,256.0,347.8703399795677,4.030351341598096,121.0,tijolos
RT8_11.jpg,125.83026123046875,27.526132776398295,4.56293822173028,123.0,410,36926,26235,1965,256.0,359.2037635521098,3.369991579960906,70.5,tijolos
RT8_5.jpg,132.1072998046875,26.071002981640557,4.918275591738561,130.0,146,30115,32795,2480,256.0,382.5128776427011,3.3941641834172303,63.0,tijolos
RT8_26.jpg,134.32449340820312,25.736701960558015,4.615322394496268,132.0,187,26836,36190,2323,256.0,379.85138952621986,3.730939422567239,64.5,tijolos
RT8_18.jpg,126.53474426269531,28.16297752964368,4.151590104401229,125.0,357,34791,28415,1973,256.0,343.1226092812888,2.885072232962223,78.0,tijolos
RT8_14.jpg,129.9849395751953,28.070999628314265,3.691140729656069,130.0,507,30126,33291,1612,256.0,333.15341107738936,2.747749813857142,64.0,tijolos
RT8_1.jpg,134.2332000732422,29.33319961717703,4.989329848258368,130.0,79,29606,31737,4114,256.0,377.7790359456173,3.6394997167201493,81.0,tijolos
RT8_39.jpg,133.98580932617188,30.91119383551617,4.162049163006248,125.0,15,37780,21835,5906,256.0,457.97649366534085,9.686556500823624,154.5,tijolos
RT8_2.jpg,131.5014190673828,26.80161955424005,4.691800407153717,127.0,10,33783,28417,3326,256.0,407.77127665212026,4.2550776480295776,68.0,tijolos
RT8_3.jpg,133.429931640625,23.991346784871574,4.367282354304167,133.0,150,26672,37121,1593,256.0,389.7989866585084,3.4899002535037336,55.5,tijolos
RT8_37.jpg,130.34683227539062,23.968088074485344,4.2203248819414245,130.0,445,28784,35308,999,256.0,389.78885510299034,3.860511064494843,51.0,tijolos
RT8_21.jpg,133.06036376953125,28.187412629147772,4.716317334946901,130.0,127,29732,32085,3592,256.0,374.78132165637606,3.5514250650677908,86.0,tijolos
RT8_29.jpg,130.94679260253906,27.478280514831003,4.58376602145461,130.0,365,29491,33184,2496,256.0,367.9677295633409,3.986396690200359,78.5,tijolos
RT8_27.jpg,133.90313720703125,27.609469813972154,4.954087369242258,131.0,241,29199,33047,3049,256.0,371.0097391747284,3.415834876655056,70.5,tijolos
RT8_8.jpg,123.90505981445312,34.45474532092581,3.7847521261513237,115.0,315,43740,17102,4379,256.0,340.65167326757694,4.072402388276361,140.5,tijolos
RT8_23.jpg,131.310546875,26.868585646118458,4.658165318219422,130.0,329,29208,33577,2422,256.0,374.32570627062205,3.751751526022562,71.5,tijolos
RT8_12.jpg,127.63920593261719,26.550581547253337,3.9227151834875493,126.0,329,33975,29766,1466,256.0,351.8049885945337,2.7915823507989312,64.5,tijolos
RT8_35.jpg,132.11610412597656,24.31287705429653,4.608418421577432,132.0,329,26776,36982,1449,256.0,394.5334962807341,3.9889595524022696,58.0,tijolos
RT8_36.jpg,131.1167449951172,23.369213602735414,4.435465643564638,131.0,440,28040,36051,1005,256.0,401.18081568664275,4.08657492324342,44.5,tijolos
RT8_13.jpg,131.17254638671875,27.1957486940623,3.84938825607298,130.0,374,29041,34477,1644,256.0,347.46087909288434,3.2668296505902963,64.5,tijolos
RT8_17.jpg,126.13967895507812,27.48233113214261,4.697137567478997,123.0,215,37816,25273,2232,256.0,369.20643361810477,3.4997279201152636,74.5,tijolos
RT8_34.jpg,129.7176055908203,24.874504575684334,4.892724211476603,129.0,341,30689,32831,1675,256.0,397.13980339107286,3.955152039683962,61.5,tijolos
RT8_31.jpg,132.27342224121094,30.328392546466947,3.690033429605723,125.0,131,35461,25686,4258,256.0,364.290910108254,4.404426114987748,100.5,tijolos
RT8_25.jpg,135.12330627441406,26.191485354205135,4.744232764544051,132.0,169,26844,35719,2804,256.0,382.385593593038,3.8043815003354826,69.0,tijolos
RT8_24.jpg,130.68479919433594,32.115826768027304,4.738786704785321,124.0,258,37612,22463,5203,256.0,386.7747951812527,4.951962303128826,115.0,tijolos
RT8_22.jpg,129.7200927734375,26.43013244325415,4.698655066227693,128.0,305,31859,31090,2282,256.0,380.2603035257559,3.913210766008057,73.5,tijolos
RT8_6.jpg,124.98687744140625,30.58634326700679,5.039954883882571,119.0,164,42040,19666,3666,256.0,377.43007423561255,3.9949950880730762,100.5,tijolos
RT8_16.jpg,125.10359191894531,28.455420637580115,5.08921012355403,121.0,171,39970,22786,2609,256.0,372.5348662373765,3.5729435958440505,76.0,tijolos
RT8_15.jpg,127.35765075683594,29.828422730857174,4.895148613594923,122.0,123,38661,23284,3468,256.0,370.6640367300286,3.7624073913108256,92.0,tijolos
RT19_31.jpg,132.91299438476562,28.71532170340338,6.035661301762439,137.0,2673,19779,42999,85,256.0,376.1731960646585,3.3644071639351822,63.0,madeira
RT19_30.jpg,135.3377227783203,32.75659583420623,5.606139155085247,140.0,3275,17152,44753,356,256.0,340.7442681102648,2.966570614643891,64.5,madeira
RT19_39.jpg,132.0212860107422,32.88948031568279,5.2498476368710705,137.0,3560,19740,41989,247,256.0,338.1412195740117,2.9162532253131035,74.5,madeira
RT19_21.jpg,137.4281463623047,30.950603295898745,4.976052571973907,142.0,2044,18125,45003,364,256.0,332.9511037675052,2.747627704640763,69.5,madeira
RT19_4.jpg,137.30775451660156,31.175376697516917,5.0643497880358375,141.0,1986,18068,45085,397,256.0,331.5492044930888,2.716367932276909,72.5,madeira
RT19_10.jpg,138.01910400390625,30.350638982510922,6.355213685966836,143.0,2554,15185,47494,303,256.0,365.20122877668416,3.3131931616004318,59.0,madeira
RT19_25.jpg,135.30172729492188,32.668971254183255,5.3615163210917345,141.0,3269,17451,44473,343,256.0,338.656871423717,2.8028259406542997,71.0,madeira
RT19_2.jpg,133.21583557128906,31.315220028925975,4.221554111813061,137.0,2555,21978,40709,294,256.0,319.47020352061,2.3941813869103203,73.0,madeira
RT19_24.jpg,134.8008270263672,31.926682211514567,5.790090172643637,140.0,3090,17827,44345,274,256.0,347.72630895217003,3.0600408459385338,66.5,madeira
RT19_32.jpg,133.41783142089844,33.415041450707214,4.375304520177774,138.0,2638,21494,40993,411,256.0,304.98374700547566,2.4162773069712866,82.5,madeira
RT19_36.jpg,133.6116943359375,34.04255490404401,5.0220274707869645,141.0,3947,16928,44400,261,256.0,339.51311646238355,3.24722945193002,84.5,madeira
RT19_29.jpg,135.3748321533203,32.20729235610672,5.874006897638501,139.0,3176,17471,44637,252,256.0,346.181886350947,2.899478814921499,62.5,madeira
RT19_26.jpg,135.78086853027344,30.294911248230356,4.83891101361961,140.0,2563,18196,44274,503,256.0,345.51165636994074,3.0962219890649325,86.0,madeira
RT19_7.jpg,137.4680633544922,30.7585574160653,5.025340078783418,142.0,2012,17987,45175,362,256.0,334.7259373353072,2.6676917305461467,76.0,madeira
RT19_11.jpg,138.03599548339844,30.021022827784044,6.127832225314658,143.0,2449,15182,47544,361,256.0,367.1206268891739,3.6212270156012067,59.5,madeira
RT19_8.jpg,141.43052673339844,28.709229245605012,5.893899829433625,148.0,2215,12397,50670,254,256.0,391.42406271842816,4.098943507865083,69.5,madeira
RT19_18.jpg,137.1877899169922,31.678264135869103,4.863886320882061,142.0,2018,18389,44739,390,256.0,324.40567051532867,2.6424725665275877,68.0,madeira
RT19_12.jpg,136.21791076660156,29.90557267848816,4.3427968899204625,141.0,2040,19500,43462,534,256.0,335.9918502545858,2.865055655680578,83.0,madeira
RT19_23.jpg,136.20401000976562,29.014168898289913,5.7943746405752,141.0,2386,16796,46192,162,256.0,370.249039921105,3.3713729966379242,64.5,madeira
RT19_35.jpg,131.89483642578125,34.46925846668737,4.095876962566828,137.0,3617,21412,40181,326,256.0,300.95733968870076,2.3194482902005737,93.0,madeira
RT19_3.jpg,130.7819061279297,28.72867590438641,4.9216193347749035,134.0,2678,22978,39753,127,256.0,358.6370466781144,3.1246247548347097,76.5,madeira
RT19_1.jpg,134.07044982910156,30.874281341772793,4.793137245408632,138.0,2673,19819,42748,296,256.0,336.4744023510555,2.8072677631066827,71.5,madeira
RT19_37.jpg,133.8654022216797,29.640385546389055,5.6167004409538075,138.0,2774,19120,43497,145,256.0,361.42745425257885,3.1327743207572483,65.0,madeira
RT19_40.jpg,134.59475708007812,29.65395039904115,5.317707667801028,139.0,2737,17819,44614,366,256.0,365.480516324058,3.6505983203027315,80.0,madeira
RT19_17.jpg,134.28036499023438,29.52973772934733,5.704805488104371,139.0,2792,17949,44672,123,256.0,370.3931399540224,3.339820386134454,69.0,madeira
RT19_14.jpg,139.28651428222656,29.123571564552385,4.924765787180039,144.0,1770,16572,46743,451,256.0,351.2291919993269,3.103899731233803,69.0,madeira
RT19_33.jpg,131.843505859375,32.067315109074116,4.402040036153047,137.0,2824,22029,40488,195,256.0,318.4743906501746,2.618909239305712,78.0,madeira
RT19_19.jpg,135.97210693359375,30.750212136472257,5.322566189309129,141.0,2240,18159,44941,196,256.0,342.86942895583445,2.942200817661542,66.0,madeira
RT19_16.jpg,136.13754272460938,32.67148553789345,5.270715271437346,141.0,2963,17341,44855,377,256.0,332.39597761931475,2.746565767074709,67.0,madeira
RT19_5.jpg,135.05271911621094,29.743525172115937,5.57125819486375,139.0,2153,18853,44352,178,256.0,353.6817734560264,3.2006824134207905,67.5,madeira
RT19_28.jpg,140.69329833984375,31.144006598070074,5.60517395658096,147.0,2345,14426,48306,459,256.0,352.0853389982321,3.247091060843937,66.0,madeira
RT19_6.jpg,140.0486297607422,29.25886388739665,4.863500679793717,145.0,1765,14129,49320,322,256.0,363.83168112122945,3.336410926227496,84.5,madeira
RT19_20.jpg,139.03614807128906,29.79128634797286,4.88697273875992,145.0,1999,15122,48097,318,256.0,359.707976176509,3.5215400651492494,83.5,madeira
RT19_15.jpg,136.48452758789062,32.73645585359459,5.381734518806423,142.0,3045,17104,45075,312,256.0,334.13269257886157,2.711025699015125,67.0,madeira
RT19_9.jpg,132.56723022460938,28.637531528218705,4.837467672393327,136.0,2212,21852,41350,122,256.0,351.73403037664696,3.018219935890092,66.5,madeira
RT19_22.jpg,135.18692016601562,35.847687158602305,4.796130071783261,144.0,4622,14104,46527,283,256.0,344.34462207213284,3.578795773301005,100.0,madeira
RT19_13.jpg,132.35281372070312,31.00059465418783,4.588830866639807,137.0,2857,20674,41683,322,256.0,336.9147935680474,3.234299512555516,81.0,madeira
RT19_34.jpg,138.43943786621094,29.162348332311524,5.394467636615774,144.0,2166,14334,48699,337,256.0,379.85577032605414,4.150241372849823,81.0,madeira
RT19_27.jpg,136.49142456054688,32.30550208232491,4.901275090019541,142.0,2981,17109,45016,430,256.0,333.1935436049144,2.840911771738458,77.0,madeira
RT19_38.jpg,131.3981475830078,32.37194530202478,5.425201622676016,137.0,3327,20483,41490,236,256.0,341.73820389298004,3.1367754031598722,69.0,madeira
RT3_4.jpg,120.88320922851562,43.09272670111631,2.729673981032046,125.0,7285,27298,28383,2570,256.0,212.36113109512297,1.8466405451331982,205.5,rochas
RT3_20.jpg,130.2866973876953,41.56866991964887,2.7381973880179618,135.0,4945,23227,33922,3442,256.0,223.80276961534682,1.8882760554354225,202.5,rochas
RT3_8.jpg,119.43052673339844,42.47994731866779,2.643735021134695,122.0,7216,29099,26764,2457,256.0,210.66963547815809,1.6742201991943864,221.5,rochas
RT3_38.jpg,138.75729370117188,41.00984808899559,3.003701408747728,143.0,3454,19599,37125,5358,256.0,232.0094455243148,1.9546988257361966,184.5,rochas
RT3_9.jpg,123.71141052246094,43.07215485782693,2.738926337910536,127.0,6562,26559,29277,3138,256.0,211.94749865827623,1.8828679544435205,205.5,rochas
RT3_14.jpg,128.43568420410156,42.8718781799076,2.7045094719530116,133.0,5703,23880,32301,3652,256.0,214.5592502666804,1.8580255171752256,205.5,rochas
RT3_36.jpg,133.09278869628906,40.444939897704174,2.8380488107103443,139.0,4260,21777,36197,3302,256.0,236.7335989567176,2.078025675691657,192.5,rochas
RT3_13.jpg,122.4713134765625,46.144298301153185,2.5892870070275085,126.0,8046,25346,28392,3752,256.0,190.96876789805185,1.8079828837589045,227.5,rochas
RT3_33.jpg,128.7288818359375,39.84590656932956,2.84584871728591,133.0,4559,24652,33440,2885,256.0,237.01710776861657,2.075364299131975,188.0,rochas
RT3_31.jpg,129.14198303222656,39.42418490093454,2.793379302832882,135.0,4901,23056,35459,2120,256.0,244.94143113711897,2.18983837588028,188.0,rochas
RT3_30.jpg,134.32237243652344,43.14490423208016,2.5605323623702407,139.0,4670,21853,33983,5030,256.0,210.64857063958445,1.7397617479015046,227.5,rochas
RT3_27.jpg,129.1634521484375,46.958512699892545,2.5108997129327553,135.0,6903,22140,31620,4873,256.0,188.17555383869606,1.6908640979143639,248.5,rochas
RT3_32.jpg,133.0553436279297,38.494113277623065,3.109037789970332,136.0,3323,23851,35017,3345,256.0,246.41888244410168,1.9126212893287897,166.5,rochas
RT3_24.jpg,134.6311492919922,45.2279182250847,2.672731981445731,140.0,5089,21045,33487,5915,256.0,200.49902587045156,1.849141627088254,234.0,rochas
RT3_22.jpg,130.59568786621094,39.14229738922144,2.896574984922799,135.0,4176,23808,34642,2910,256.0,241.97275156512976,2.0432300339817653,183.5,rochas
RT3_7.jpg,122.654296875,43.119102671881656,2.7504383823460707,126.0,6981,26418,29325,2812,256.0,213.22162399132972,1.8641601670047052,209.0,rochas
RT3_15.jpg,127.053955078125,44.87665577585896,2.515705806400026,132.0,6736,23563,31225,4012,256.0,199.05183448664823,1.8135231964471261,229.0,rochas
RT3_35.jpg,128.6500244140625,42.442554912831305,2.6630111279457007,134.0,5741,23021,33597,3177,256.0,219.5839638668999,1.9730017279540644,217.5,rochas
RT3_17.jpg,124.73454284667969,39.294687835581065,2.767451787136444,128.0,5168,27157,31041,2170,256.0,237.22311162173892,2.0245245559036875,202.5,rochas
RT3_25.jpg,130.35870361328125,44.730440879076404,2.7203379510549706,135.0,5960,22313,32676,4587,256.0,204.16367132156495,1.8288667766675382,221.5,rochas
RT3_10.jpg,126.66455078125,46.81841498160739,2.595806331600223,132.0,7393,23154,30379,4610,256.0,189.21728168299003,1.8239430839367552,227.0,rochas
RT3_23.jpg,126.60504150390625,39.951141061183016,3.01106033545595,129.0,4776,26981,30716,3063,256.0,237.2453733742768,2.0724930109025603,172.5,rochas
RT3_37.jpg,135.6697540283203,49.17062681603162,2.3883922555273065,143.0,6712,19156,31993,7675,256.0,178.96021293153402,2.0641606037263234,248.5,rochas
RT3_26.jpg,128.2917022705078,45.43884334594053,2.417733539878465,134.0,6938,22417,31836,4345,256.0,196.67638791298765,1.8465719169888999,257.5,rochas
RT3_12.jpg,128.1258087158203,41.48488989117137,2.8653538101292972,132.0,5154,24769,32321,3292,256.0,225.44010776146288,1.9381001856006992,191.5,rochas
RT3_28.jpg,133.16973876953125,42.480833839265294,2.88736706651497,135.0,4444,23116,32446,5530,256.0,219.1169600635697,2.0357508249920397,195.0,rochas
RT3_6.jpg,121.33091735839844,41.5973443421986,2.7752498138762665,125.0,6611,27957,28695,2273,256.0,222.14497659186443,1.905164151051212,199.0,rochas
RT3_40.jpg,125.67228698730469,42.855150029915436,2.530729035502312,130.0,6128,25394,31054,2960,256.0,208.88470578886336,1.620409961208574,234.0,rochas
RT3_2.jpg,123.27656555175781,44.8732440997287,2.636169265440681,127.0,7329,25724,28990,3493,256.0,199.13439635708343,1.7448506422455865,222.5,rochas
RT3_16.jpg,126.67813110351562,44.32945721116645,2.548453242143779,132.0,6611,23909,31334,3682,256.0,203.1062106694426,1.8076373073518568,229.5,rochas
RT3_3.jpg,122.68826293945312,45.66353039344161,2.6082476991486563,126.0,7731,25668,28515,3622,256.0,193.52036795257496,1.745070703787365,229.5,rochas
RT3_21.jpg,127.25392150878906,38.26584262092262,2.880257591827519,132.0,4593,25260,33842,1841,256.0,248.38369700425187,2.070747494020443,179.0,rochas
RT3_29.jpg,133.38714599609375,41.42083199373662,2.8359727423981345,138.0,4235,21957,35069,4275,256.0,227.06765236378342,2.073003553611546,204.5,rochas
RT3_1.jpg,121.11427307128906,42.61531690028398,2.736808736828233,124.0,6852,28247,27720,2717,256.0,213.2456220242282,1.7946028803569725,214.0,rochas
RT3_11.jpg,126.42864990234375,42.36598895053302,2.8202917446693045,130.0,5850,25078,31321,3287,256.0,219.49143989572806,1.950152012002698,194.5,rochas
RT3_18.jpg,125.78416442871094,39.46919613998496,2.782980487669049,130.0,5023,26277,31990,2246,256.0,237.17418440884327,1.9540931053973003,194.0,rochas
RT3_19.jpg,127.65602111816406,37.62537161997528,2.873966156590521,131.0,4010,25988,33366,2172,256.0,251.54576807710362,2.13800641616383,174.5,rochas
RT3_39.jpg,101.82710266113281,46.171219971454086,2.3607704752863405,103.0,15386,30510,17734,1906,256.0,185.44005938577564,1.720366763512976,277.0,rochas
RT3_34.jpg,133.80172729492188,43.588922511537014,2.6937993758524748,140.0,5204,20671,35149,4512,256.0,215.8957358309793,2.0184674454669143,209.5,rochas
RT3_5.jpg,115.67250061035156,44.61574184953796,2.5538336232084067,119.0,9314,28431,25428,2363,256.0,197.59813621970224,1.701380426788163,238.0,rochas
RT7_33.jpg,132.57386779785156,41.798459083217836,2.9007546540485185,137.0,4934,21453,34355,4794,256.0,234.48967194740155,2.66034279616689,183.5,folhas
RT7_6.jpg,127.01869201660156,39.693255553963134,2.784840682752915,131.0,5169,24963,32771,2633,256.0,238.19977500514142,2.13543597181994,179.0,folhas
RT7_31.jpg,127.17060852050781,38.22426670610535,3.0634282317062027,127.0,3504,29693,28999,3340,256.0,248.87241020751978,2.255513920742184,162.5,folhas
RT7_13.jpg,125.31423950195312,40.32370365594682,2.8043570130662743,125.0,4472,29979,27451,3634,256.0,227.7057791866513,1.912902536392262,194.0,folhas
RT7_37.jpg,130.67198181152344,39.42385083352315,3.02642268641303,134.0,4327,23592,34041,3576,256.0,246.8964547639354,2.499120392136324,174.5,folhas
RT7_1.jpg,123.01432800292969,38.557526163960134,3.1420418949504842,126.0,5349,28829,29066,2292,256.0,255.03824774433343,2.581075460362808,167.0,folhas
RT7_22.jpg,128.11367797851562,38.071606498304945,3.1485021589370765,128.0,3731,28391,30055,3359,256.0,254.06933416392462,2.365679211722283,164.5,folhas
RT7_29.jpg,122.66845703125,39.546971505242155,2.946911327112585,122.0,4745,31862,25949,2980,256.0,237.49618417987267,2.228875266856896,169.0,folhas
RT7_4.jpg,124.83033752441406,38.829694251779955,3.125749935176219,128.0,5087,27613,30171,2665,256.0,254.49281669626748,2.735035050149304,175.5,folhas
RT7_40.jpg,127.28189086914062,39.94352671407513,2.9165152166483046,132.0,5059,24782,32630,3065,256.0,242.19799170823032,2.512704625011768,181.5,folhas
RT7_15.jpg,126.66574096679688,38.94644512394467,2.9872708885115045,127.0,3899,29501,28611,3525,256.0,243.68135251286668,2.238981540476446,179.5,folhas
RT7_8.jpg,131.44491577148438,39.521528948127155,2.910152585681666,135.0,4336,23080,34769,3351,256.0,241.4405821056187,2.1581849301915113,166.5,folhas
RT7_24.jpg,127.87815856933594,38.717933843736894,3.0881753003759727,129.0,3896,28046,30066,3528,256.0,248.02896441242504,2.304004602774855,171.0,folhas
RT7_28.jpg,126.7220458984375,38.65579423947984,3.1099952193164038,127.0,3938,29236,28861,3501,256.0,248.75808718009552,2.326873176231754,168.0,folhas
RT7_11.jpg,129.22608947753906,39.67781490004531,3.1034661648983706,129.0,3683,27592,30087,4174,256.0,243.31186584813327,2.443602195233892,183.0,folhas
RT7_21.jpg,129.05307006835938,38.05495442929293,3.0389305213838886,130.0,3510,27708,31094,3224,256.0,248.67525573023948,2.1030134645738765,168.5,folhas
RT7_20.jpg,122.65510559082031,40.22910374900748,3.1652001018777653,126.0,6077,27977,29047,2435,256.0,250.2283488386158,2.9679930161883057,164.0,folhas
RT7_39.jpg,132.26834106445312,39.623995112529315,2.9542802698025223,137.0,4115,22305,35184,3932,256.0,246.18952303053027,2.6730396594542194,180.5,folhas
RT7_25.jpg,127.60263061523438,37.08817891918512,3.0916254644088204,128.0,3207,29352,29947,3030,256.0,256.9125276723578,2.321190504570188,169.0,folhas
RT7_32.jpg,124.18948364257812,38.68753766470185,3.075111166886366,125.0,4502,30109,28173,2752,256.0,246.21013319418842,2.1315506960513875,159.5,folhas
RT7_7.jpg,137.26071166992188,41.55157785742763,2.8730387483563757,143.0,4366,19058,37123,4989,256.0,231.19862605019952,2.115510398299661,175.5,folhas
RT7_23.jpg,129.05938720703125,37.571747133053364,3.165351106995646,130.0,3278,27842,31138,3278,256.0,256.19500934346866,2.3342565345237345,152.5,folhas
RT7_12.jpg,131.75473022460938,41.39950076437781,2.9772610973236744,132.0,4149,24936,31535,4916,256.0,230.15916707248485,2.348266731409479,192.0,folhas
RT7_10.jpg,129.6513214111328,43.57979750984645,2.800697968954619,130.0,5071,25837,29571,5057,256.0,209.41413813303055,1.9526371105594393,208.0,folhas
RT7_38.jpg,126.49736022949219,39.51245105279001,3.0274567561347716,130.0,5048,25873,31735,2880,256.0,245.7574865339813,2.4223861863261322,172.0,folhas
RT7_27.jpg,127.36126708984375,36.70489529180906,3.212603566831527,128.0,3224,29161,30179,2972,256.0,263.90907525130694,2.505955918713558,162.0,folhas
RT7_17.jpg,126.50335693359375,39.0942100318684,3.195264301779978,129.0,4627,27336,30673,2900,256.0,249.37626879376472,2.3580990324821123,159.5,folhas
RT7_35.jpg,134.374267578125,40.78362847111815,3.0514921046402756,140.0,4665,19764,36752,4355,256.0,248.6762453472386,2.925233968359387,175.0,folhas
RT7_2.jpg,122.14488220214844,38.05362398100825,3.215239195215664,124.0,5298,30076,27926,2236,256.0,261.86734774022517,2.745751341028336,163.0,folhas
RT7_14.jpg,123.25315856933594,41.72803122093535,2.80648597209733,123.0,5829,30000,26107,3600,256.0,221.69823944948232,2.158932158644622,217.5,folhas
RT7_30.jpg,122.79414367675781,40.14198771537722,3.0084875657854036,124.0,5330,29781,27484,2941,256.0,236.07405816289938,2.1310106011860968,164.5,folhas
RT7_5.jpg,133.57034301757812,41.85854528157267,2.722451492302067,137.0,4681,21962,34191,4702,256.0,221.0971046565287,1.8985213896724673,206.0,folhas
RT7_16.jpg,123.41667175292969,40.35239648228541,2.956492652773417,123.0,5188,30827,26099,3422,256.0,236.53456737335455,2.505205542906029,192.0,folhas
RT7_3.jpg,126.28366088867188,38.80852017482191,3.142269895400631,130.0,4881,26243,31686,2726,256.0,254.86065432898818,2.6666852817704587,168.5,folhas
RT7_9.jpg,125.52639770507812,41.05911093779486,2.95173133233469,125.0,4399,30180,26918,4039,256.0,227.4017473272798,2.1020627017594755,186.5,folhas
RT7_36.jpg,131.10601806640625,39.79894527903095,3.098796844405171,135.0,4701,22190,35050,3595,256.0,252.83378309672148,2.697072915370033,170.5,folhas
RT7_34.jpg,129.68746948242188,39.54635116969498,3.113167774396129,133.0,4695,23435,33821,3585,256.0,253.49511521427786,2.7101479543142415,163.5,folhas
RT7_18.jpg,123.2696533203125,39.702035179441104,3.218570860881078,126.0,5818,27968,29391,2359,256.0,254.21507564953737,2.937057499450983,172.0,folhas
RT7_19.jpg,128.86813354492188,40.274479104581424,3.324064462658736,131.0,4600,25379,31797,3760,256.0,249.47566890380313,2.6288231729508595,153.5,folhas
RT7_26.jpg,128.46817016601562,38.54292413373837,3.113638346214706,128.0,3691,28342,29875,3628,256.0,249.60448400920205,2.3216840516756667,168.5,folhas
RT21_15.jpg,119.22410583496094,44.49304308700283,2.4771510449119982,117.0,7155,30854,23606,3921,256.0,195.70329902686873,1.4108479799637028,259.0,capim
RT21_38.jpg,134.3461456298828,36.69277311808799,2.793070409244687,134.0,1512,26824,33137,4063,256.0,248.8305303062709,1.743092275530533,168.5,capim
RT21_32.jpg,131.2501220703125,36.359615047885356,2.803044833959504,129.0,1095,30388,30433,3620,256.0,251.2432990399943,1.5777126843752136,161.5,capim
RT21_6.jpg,129.9302215576172,41.860349710866195,2.625019231791779,130.0,3406,28021,29206,4903,256.0,212.55135408884132,1.5542076974026124,220.0,capim
RT21_5.jpg,128.8399200439453,44.594572850857396,2.5364876448227904,128.0,4699,27770,27257,5810,256.0,194.30887138779846,1.5280751940481017,242.5,capim
RT21_22.jpg,130.61672973632812,39.75806331159631,2.6582626355057473,130.0,2575,28504,29887,4570,256.0,226.5349379786703,1.615950483950603,193.0,capim
RT21_9.jpg,129.5388641357422,43.71533277255073,2.473054954035281,127.0,3872,28920,26957,5787,256.0,198.96140486285273,1.4721857040424573,247.5,capim
RT21_31.jpg,118.70863342285156,46.00760278569039,2.446301163771492,112.0,6886,33086,20509,5055,256.0,196.89837162861454,1.5947526194249577,281.5,capim
RT21_12.jpg,124.45394897460938,44.30741390734736,2.6178244042256895,121.0,4757,31282,24469,5028,256.0,199.92307114237715,1.413945109388174,247.5,capim
RT21_28.jpg,130.41094970703125,39.18810320227042,2.6425272546804672,127.0,1842,31007,28037,4650,256.0,231.58602275936258,1.5690751048217861,203.5,capim
RT21_27.jpg,131.739990234375,35.95927954031474,2.736387988169971,130.0,1224,29951,30610,3751,256.0,253.843825018455,1.7342447569947241,170.5,capim
RT21_14.jpg,124.26417541503906,42.90515167871443,2.5063931655935643,124.0,4868,29944,26552,4172,256.0,204.94370416043523,1.4094257739134157,242.5,capim
RT21_26.jpg,131.51649475097656,35.59493192307856,2.818071563491212,130.0,1079,30260,30602,3595,256.0,257.6629642090613,1.7214074940322093,153.0,capim
RT21_2.jpg,130.7510528564453,41.818871151966505,2.4492458619539414,131.0,3715,26954,29887,4980,256.0,209.9290430717008,1.5268240508909203,250.0,capim
RT21_20.jpg,120.99893188476562,46.19911420317828,2.486150626337385,119.0,7455,29566,23672,4843,256.0,185.24784917779746,1.4397130301718162,269.5,capim
RT21_39.jpg,129.70394897460938,40.831959316739706,2.47236187320781,130.0,3392,28144,29440,4560,256.0,216.2598263663411,1.5199617093723392,246.5,capim
RT21_10.jpg,115.39547729492188,44.90887040353185,2.373076069642402,114.0,9225,30130,23111,3070,256.0,192.17844490863172,1.3204042643441374,289.0,capim
RT21_23.jpg,132.49856567382812,37.58837484162941,2.6962599300882086,131.0,1615,28671,31061,4189,256.0,241.07634618000165,1.5917623490257353,177.0,capim
RT21_19.jpg,127.18705749511719,44.45208009366182,2.532887637894762,127.0,5010,28108,27221,5197,256.0,195.61701261648997,1.4465835186968952,247.0,capim
RT21_4.jpg,127.81269836425781,44.32318337210177,2.454294411376205,129.0,5379,26847,28169,5141,256.0,194.98229086252937,1.5271090556330507,256.5,capim
RT21_11.jpg,117.66850280761719,46.35489273722769,2.572796427112642,113.0,7673,32177,20876,4810,256.0,192.0027262176243,1.4809745931350764,249.0,capim
RT21_33.jpg,124.3565673828125,42.75490068749099,2.4058770734889157,121.0,4185,31829,24928,4594,256.0,207.75753972479555,1.4428952305032605,252.5,capim
RT21_36.jpg,120.54052734375,40.38604762040586,2.729563187467267,118.0,4688,33577,24140,3131,256.0,223.86877085136283,1.4977358608485234,213.5,capim
RT21_24.jpg,129.86781311035156,37.340725775040454,2.6872832515586986,128.0,1801,30511,29409,3815,256.0,243.30390268653727,1.6493561766248674,176.5,capim
RT21_3.jpg,129.46438598632812,44.469060000352925,2.3955785391241737,126.0,3830,29445,26015,6246,256.0,194.5260867788688,1.4346867829064915,260.5,capim
RT21_40.jpg,126.6895751953125,40.16835008863295,2.4933818588237915,126.0,3516,30133,28033,3854,256.0,220.70988098066655,1.5081711994168039,226.0,capim
RT21_34.jpg,133.30783081054688,36.556229810322925,2.7991093602847377,132.0,1212,28615,31593,4116,256.0,250.15651350704422,1.6715375832429444,163.0,capim
RT21_18.jpg,124.79647827148438,41.63349702772465,2.505397345454593,125.0,4968,29148,27853,3567,256.0,211.47380895751607,1.4851527972705791,233.0,capim
RT21_8.jpg,123.14888000488281,44.460142373971145,2.4020754706507725,123.0,6522,28738,25880,4396,256.0,192.88621969959388,1.4564356368757687,268.0,capim
RT21_13.jpg,118.62469482421875,43.647780451101525,2.677164785935166,114.0,6077,33221,22206,4032,256.0,207.66930216693078,1.499768665633006,232.0,capim
RT21_16.jpg,126.89134216308594,45.386710386771504,2.6043843896470276,125.0,4975,29193,25578,5790,256.0,192.49539361371743,1.4675879402691832,250.5,capim
RT21_1.jpg,128.86163330078125,41.7870730494343,2.402335350367839,129.0,3609,28547,28690,4690,256.0,209.1860341299103,1.4312073459988746,252.0,capim
RT21_7.jpg,135.35206604003906,40.22182825081653,2.7420208079749844,134.0,1957,26800,31084,5695,256.0,224.6225653735617,1.5573057618838937,201.0,capim
RT21_35.jpg,134.24403381347656,36.89634209412583,3.3845393984212264,132.0,1053,28722,31562,4199,256.0,258.9337511797178,1.7972399885744075,128.0,capim
RT21_17.jpg,127.22720336914062,42.99377661482703,2.7384968373362386,126.0,4211,29336,27147,4842,256.0,207.79577940251818,1.5300099908154987,221.0,capim
RT21_25.jpg,132.60484313964844,34.84055952120748,2.758869766519709,132.0,987,28391,32840,3318,256.0,261.4677919935838,1.800978029089868,150.0,capim
RT21_37.jpg,130.8084259033203,35.82400637546832,3.0283418308572925,131.0,1822,28485,32330,2899,256.0,258.62661611384857,1.8384136764223886,154.5,capim
RT21_30.jpg,112.98391723632812,47.61728476339627,2.310962499098835,105.0,10749,30518,20073,4196,256.0,191.21118887240883,1.6256926746945812,292.0,capim
RT21_21.jpg,131.36631774902344,40.32827763441434,2.6615957201511984,130.0,2590,28490,29496,4960,256.0,223.11496826188062,1.5810706906818206,195.0,capim
RT21_29.jpg,127.46821594238281,40.955281837364254,2.662931812363539,123.0,2480,32754,25595,4707,256.0,223.51983622824173,1.5901374581152745,228.0,capim
