name,lbp_0,lbp_1,lbp_2,lbp_3,lbp_4,lbp_5,lbp_6,lbp_7,lbp_8,lbp_9,lbp_10,lbp_11,lbp_12,lbp_13,lbp_14,lbp_15,lbp_16,lbp_17,lbp_18,lbp_19,lbp_20,lbp_21,lbp_22,lbp_23,lbp_24,lbp_25,lbp_26,lbp_27,lbp_28,lbp_29,lbp_30,lbp_31,lbp_32,lbp_33,lbp_34,lbp_35,lbp_36,lbp_37,lbp_38,lbp_39,lbp_40,lbp_41,lbp_42,lbp_43,lbp_44,lbp_45,lbp_46,lbp_47,lbp_48,lbp_49,lbp_50,lbp_51,lbp_52,lbp_53,lbp_54,lbp_55,lbp_56,lbp_57,lbp_58,class
RT24_34.jpg,4163,506,891,636,484,645,576,915,610,911,761,499,614,473,691,770,839,588,939,667,471,512,456,661,615,744,627,616,999,930,549,920,704,609,595,508,679,565,716,637,631,887,1058,835,512,561,648,895,790,588,1000,578,597,575,621,865,721,4653,18230,tapete
RT24_4.jpg,6052,655,1001,400,785,417,218,1086,454,343,215,731,460,289,261,267,998,403,415,320,315,426,827,456,258,285,329,413,1103,869,354,300,227,297,423,873,332,239,275,270,411,977,289,208,278,346,690,203,249,349,972,313,455,791,386,998,872,6450,25658,tapete
RT24_33.jpg,4229,396,2042,820,522,711,391,370,532,825,356,351,403,630,818,471,1870,567,876,1297,662,503,456,701,360,432,684,412,441,343,459,987,442,386,607,679,513,714,1548,798,716,1952,788,860,704,440,445,260,435,516,428,322,638,721,528,1722,408,4856,18193,tapete
RT24_14.jpg,6315,753,1265,363,725,363,180,705,365,276,129,793,348,281,253,213,1445,404,300,269,348,375,764,398,175,153,246,340,694,674,335,262,154,196,314,793,382,232,247,220,319,1413,289,317,303,378,798,155,246,379,626,241,348,831,375,1514,863,6781,26313,tapete
RT24_15.jpg,5297,702,1176,521,627,487,251,690,441,497,273,833,575,416,536,395,1428,580,440,411,482,425,607,488,281,274,330,469,665,696,485,441,234,289,368,659,421,374,384,285,446,1351,511,491,433,426,835,322,405,422,681,336,484,637,511,1417,934,6058,23603,tapete
RT24_27.jpg,5532,728,1082,454,674,487,285,811,426,407,249,702,453,305,306,254,1185,508,458,369,380,384,789,517,303,293,350,403,750,910,518,440,291,300,422,791,563,313,380,353,415,1075,478,361,386,422,765,276,304,457,831,310,416,910,425,1184,753,6119,24524,tapete
RT24_40.jpg,6722,865,1029,248,852,275,109,839,281,161,117,929,274,176,154,158,1012,280,145,131,220,265,816,276,130,106,123,268,851,834,278,143,115,187,256,961,262,174,134,121,287,976,159,154,213,287,922,116,155,261,885,155,282,907,287,1006,885,7539,28783,tapete
RT24_29.jpg,6845,857,1060,306,814,308,142,777,301,168,116,850,291,163,175,176,1106,303,176,151,222,300,861,314,136,155,164,316,803,811,265,174,121,184,306,841,310,169,160,178,308,1125,185,176,212,315,880,131,160,330,884,178,281,820,301,1113,875,7315,28072,tapete
RT24_6.jpg,6351,743,1126,368,833,370,178,920,444,280,199,713,370,261,225,208,1154,373,336,307,322,379,793,387,190,240,253,341,1017,772,335,283,181,251,341,907,361,241,230,197,357,972,250,206,257,357,787,136,193,324,894,225,395,842,352,1115,796,6764,26534,tapete
RT24_23.jpg,5463,612,1165,395,932,523,238,704,559,404,224,660,461,423,383,277,1306,453,495,574,460,433,779,529,240,284,398,411,789,609,365,477,277,324,458,978,471,366,431,362,405,1057,374,340,383,393,648,215,251,396,759,306,453,873,453,1167,734,6015,24622,tapete
RT24_24.jpg,5551,653,1134,396,976,481,243,857,567,344,212,695,407,345,314,265,1163,386,495,503,389,453,848,454,227,263,411,428,881,662,352,411,303,284,433,997,437,312,417,357,419,1073,292,297,354,351,714,222,254,386,779,274,454,948,406,1038,723,6104,25142,tapete
RT24_37.jpg,6563,827,1144,290,856,297,140,737,305,165,134,881,328,198,155,173,1122,309,174,191,250,322,852,307,138,117,177,338,785,695,302,189,128,194,323,900,283,170,178,171,292,1166,169,175,237,277,894,121,169,294,741,200,306,866,316,1236,897,7324,28048,tapete
RT24_20.jpg,5729,681,1368,408,691,389,218,643,406,383,169,795,494,386,421,309,1488,550,381,384,436,391,694,493,226,200,291,431,577,591,376,381,181,230,384,726,425,325,334,242,362,1438,368,394,363,392,792,220,321,371,580,263,396,782,419,1578,888,6390,24992,tapete
RT24_2.jpg,5788,685,1112,403,807,460,223,960,550,387,276,735,503,326,322,294,1056,438,446,362,336,429,691,449,275,319,325,453,1082,826,407,388,245,314,410,829,419,291,278,267,391,986,359,278,295,352,822,234,260,360,964,303,428,800,424,1003,817,6265,25029,tapete
RT24_8.jpg,5391,628,1035,442,801,453,314,951,596,440,335,777,564,387,331,327,1072,464,542,426,374,466,753,543,340,440,419,502,1050,844,435,465,282,344,408,866,456,333,358,300,398,915,383,327,331,383,756,302,330,387,890,411,544,772,494,970,817,5961,23911,tapete
RT24_12.jpg,6367,728,1160,357,779,357,150,814,479,266,166,763,394,279,264,187,1213,361,324,279,329,415,783,372,209,215,267,356,846,753,342,250,156,249,357,943,359,246,229,194,323,1092,240,229,300,315,803,171,209,341,860,251,388,876,347,1115,809,6744,26566,tapete
RT24_11.jpg,4278,500,1149,607,510,640,470,783,647,774,560,595,622,586,842,625,1208,693,875,840,649,548,477,658,468,632,730,578,845,603,492,805,505,506,621,633,462,534,718,617,647,1147,755,820,499,531,647,537,649,453,716,474,608,592,668,1114,648,4962,19184,tapete
RT24_13.jpg,6767,807,1174,286,839,334,142,742,302,192,120,825,280,189,168,161,1123,299,166,138,239,317,792,332,147,127,159,292,799,778,296,173,145,219,332,881,331,159,139,161,336,1222,160,171,207,293,858,149,166,268,783,197,313,864,310,1192,842,7409,27924,tapete
RT24_25.jpg,6071,731,826,370,804,436,262,1032,402,311,228,776,425,239,218,196,876,480,322,240,265,372,802,412,284,244,245,365,1113,1075,379,327,266,298,368,791,457,222,219,223,329,858,328,195,288,348,769,271,233,372,1039,301,405,866,383,888,890,6584,26217,tapete
RT24_31.jpg,6531,749,1383,383,827,376,153,717,354,279,171,803,421,242,248,221,1232,346,236,215,310,365,747,321,146,141,214,392,832,706,347,255,144,224,363,878,394,221,203,201,317,1215,233,176,285,353,780,139,174,296,785,215,297,806,321,1123,829,6998,26903,tapete
RT24_21.jpg,5684,627,1352,414,696,432,227,658,372,370,188,757,512,360,440,294,1510,536,435,423,452,409,675,455,277,222,317,469,592,616,394,402,201,222,358,716,411,347,390,276,353,1480,407,440,460,398,677,264,332,421,580,271,438,735,467,1668,788,6382,24487,tapete
RT24_1.jpg,6610,842,1202,299,812,302,157,680,343,213,148,866,365,225,208,183,1213,294,207,196,273,316,816,319,152,139,169,287,787,688,321,200,138,213,364,917,326,228,207,166,345,1119,198,211,286,302,859,153,173,334,833,203,353,870,340,1145,851,7104,27466,tapete
RT24_35.jpg,4024,463,769,497,652,711,595,806,649,784,663,380,435,480,632,602,752,436,1086,872,483,604,624,785,625,1102,842,497,971,814,466,1045,1046,650,677,657,691,530,918,796,549,830,871,613,531,480,493,653,603,621,949,626,751,772,549,840,486,4723,18485,tapete
RT24_10.jpg,2156,203,783,608,332,774,774,527,669,1361,1157,249,543,923,1496,1179,762,677,1531,2084,1204,828,297,761,797,1555,1556,650,618,415,413,1394,1356,905,861,468,565,889,1928,1293,720,847,1285,1474,1078,602,331,1080,1104,727,566,974,861,421,755,874,337,3028,10931,tapete
RT24_22.jpg,5641,740,1055,485,663,445,275,821,417,388,253,852,572,337,395,360,1144,547,421,324,386,374,642,515,298,304,289,512,801,777,474,394,230,292,375,690,411,300,340,254,427,1125,460,369,346,389,890,360,330,406,718,347,479,757,448,1224,986,6080,24602,tapete
RT24_28.jpg,6401,788,997,371,819,345,210,966,338,262,182,772,401,213,186,194,1019,338,287,213,240,319,805,382,199,194,211,326,936,889,337,268,191,245,324,901,408,210,203,227,311,967,245,185,261,333,783,209,174,359,930,228,350,911,358,1065,803,6883,27064,tapete
RT24_18.jpg,5628,682,1148,475,702,472,205,826,552,435,201,751,541,397,404,273,1422,508,523,443,461,408,708,570,274,279,337,500,893,688,423,416,228,242,377,774,430,301,329,201,386,1197,414,384,361,378,785,241,318,320,692,299,472,708,417,1360,877,6158,24342,tapete
RT24_5.jpg,6155,680,1114,381,834,386,183,836,481,261,153,741,432,319,254,237,1356,406,351,343,360,436,785,412,189,256,276,410,964,738,368,282,178,244,352,865,385,240,255,253,330,1059,254,238,294,326,784,172,214,341,796,261,432,828,400,1149,826,6573,26108,tapete
RT24_16.jpg,5840,716,868,422,693,415,272,1016,427,354,283,867,497,323,287,318,965,513,405,305,288,392,694,449,287,297,286,431,1022,965,428,365,244,306,354,738,377,260,285,258,419,886,424,270,310,341,813,307,305,345,998,338,469,757,441,973,964,6330,25334,tapete
RT24_7.jpg,2715,215,1060,681,348,868,653,523,773,1303,778,231,621,980,1311,911,1289,844,1658,1856,956,743,341,1056,652,1023,1180,690,545,424,501,1359,796,572,720,481,586,862,1403,897,717,1247,1240,1529,895,564,404,629,971,613,468,683,905,465,800,1414,423,3521,12643,tapete
RT24_19.jpg,6397,709,1081,374,775,335,207,997,415,246,188,748,452,241,244,245,1120,358,299,244,298,362,714,383,237,220,249,385,1078,861,333,260,170,248,384,796,370,220,241,203,367,932,252,191,242,298,818,192,226,335,1022,292,426,773,388,1024,891,6710,26470,tapete
RT24_39.jpg,6709,905,958,286,878,272,117,831,239,127,109,870,306,192,161,158,959,279,135,154,246,294,912,273,108,110,137,267,850,824,274,146,122,179,263,846,249,169,173,152,273,1027,168,131,224,268,908,93,128,284,880,145,280,938,321,990,926,7494,28819,tapete
RT24_36.jpg,6899,826,955,221,791,265,111,921,299,138,115,858,272,177,146,142,966,289,150,138,210,299,776,289,150,88,129,339,1007,941,294,145,105,168,243,816,264,153,123,123,246,974,179,137,209,306,845,139,171,330,1054,188,279,822,257,1016,917,7726,28400,tapete
RT24_38.jpg,6682,819,1021,307,779,290,119,734,273,187,106,785,330,224,193,154,1029,293,169,171,252,325,831,273,117,103,177,295,818,806,299,157,125,158,298,836,311,208,204,154,268,1103,173,183,253,365,885,118,189,343,901,191,317,889,278,1079,863,7532,28194,tapete
RT24_17.jpg,4233,392,1125,494,761,680,459,792,721,687,419,442,521,594,630,518,1239,546,959,1032,630,624,660,780,434,696,809,528,815,629,401,844,583,492,638,821,569,500,881,690,546,1141,575,601,540,464,470,423,431,553,718,513,691,756,559,1221,488,4968,19610,tapete
RT24_9.jpg,5618,620,1347,381,942,464,214,637,543,333,161,668,412,450,317,248,1406,409,432,576,503,444,793,492,181,245,388,401,710,541,387,410,267,247,432,1004,400,418,460,328,352,1258,300,339,438,405,682,195,238,365,612,226,377,878,371,1401,687,6230,24953,tapete
RT24_30.jpg,6457,706,1268,385,713,338,154,838,490,310,190,740,442,264,259,235,1247,373,323,271,315,384,695,371,176,173,201,375,852,776,338,249,150,213,346,760,352,262,200,188,346,1127,283,254,278,361,913,152,218,328,824,239,368,746,323,1190,859,6817,26531,tapete
RT24_3.jpg,5129,570,1098,463,878,583,281,835,659,414,276,651,509,486,395,348,1210,512,617,588,470,538,742,584,283,410,504,502,906,741,403,527,380,352,513,892,515,377,477,375,454,1097,431,354,403,428,655,263,306,423,759,349,493,833,459,1124,691,5718,23303,tapete
RT24_26.jpg,4118,498,811,640,485,588,565,902,502,865,613,552,651,498,803,625,875,828,885,712,571,523,489,710,575,631,665,618,848,937,580,877,605,534,562,601,600,505,787,632,626,997,986,717,566,570,565,791,681,582,905,582,635,626,702,1092,673,4738,18636,tapete
RT24_32.jpg,6472,735,1408,371,842,356,154,640,383,206,157,785,335,206,201,163,1243,326,225,217,263,333,758,332,134,131,213,300,649,687,358,279,150,218,291,874,335,238,241,206,335,1369,219,200,279,342,833,113,191,364,702,202,311,897,315,1260,777,7116,27296,tapete
RT22_27.jpg,5004,681,968,309,737,345,203,708,315,316,392,743,343,339,648,316,912,295,293,611,443,402,666,267,230,317,303,410,971,613,318,249,275,304,354,1007,288,257,465,218,341,1131,229,357,293,321,835,349,241,292,816,328,340,849,346,1124,1016,7976,25517,piso
RT22_19.jpg,5048,729,903,275,775,303,223,658,324,266,326,740,335,291,557,233,969,295,246,502,472,407,692,304,190,336,239,389,863,661,318,230,321,292,338,909,335,299,452,230,317,1148,291,606,459,365,919,363,268,403,890,286,342,1012,373,1166,970,7817,25266,piso
RT22_4.jpg,3637,582,779,332,554,340,336,670,287,413,732,540,276,434,900,424,732,300,407,881,650,427,550,350,269,716,412,394,788,708,351,494,741,522,446,811,306,424,999,531,452,957,456,1088,677,544,1038,754,467,508,959,495,485,961,390,1034,860,7661,21305,piso
RT22_25.jpg,4751,736,962,314,684,327,189,653,347,321,270,656,307,384,662,302,961,321,289,598,519,422,676,257,167,279,273,415,899,625,336,309,413,340,383,1007,284,310,604,332,435,1248,238,504,428,429,911,273,219,319,855,261,303,806,347,1091,955,8030,25000,piso
RT22_15.jpg,5442,815,796,308,837,315,291,775,320,242,501,792,277,242,300,246,751,268,217,396,283,336,776,233,239,428,236,303,926,787,306,232,507,415,365,988,278,201,295,249,313,930,191,275,266,304,1008,395,208,278,940,283,270,894,269,798,962,7702,26736,piso
RT22_24.jpg,4907,725,936,288,808,305,185,691,317,290,355,750,336,400,650,293,935,299,304,689,525,408,687,241,175,433,290,370,900,640,291,312,350,270,369,984,279,314,652,303,320,1081,236,555,436,366,930,325,218,332,784,300,325,921,356,1082,1002,7640,25071,piso
RT22_40.jpg,4446,674,942,332,674,363,262,676,355,388,423,644,336,391,538,325,934,312,338,556,577,455,613,312,220,465,318,454,929,658,357,343,406,371,444,949,333,347,598,318,417,1211,333,522,520,402,881,348,304,388,886,338,354,927,403,1159,959,8006,23802,piso
RT22_21.jpg,5051,696,1056,295,754,328,174,668,336,282,213,746,360,377,615,295,1008,289,278,563,531,441,625,301,146,234,281,417,857,622,327,247,289,256,358,1020,326,336,487,289,321,1253,220,549,477,393,881,200,207,351,779,244,312,859,348,1183,966,7858,25361,piso
RT22_1.jpg,4435,672,685,326,661,286,401,738,339,325,778,702,312,321,497,314,641,330,321,646,421,356,638,308,451,908,380,363,940,677,310,318,716,529,352,955,309,254,540,327,346,838,315,499,322,374,915,817,313,378,923,608,372,948,406,866,956,7864,23694,piso
RT22_32.jpg,4494,694,740,322,695,289,347,696,306,275,655,719,323,256,465,278,758,315,307,542,397,357,664,322,419,784,320,362,854,723,315,301,682,516,320,853,327,269,514,329,355,896,286,508,359,381,934,745,328,385,927,551,392,1010,356,893,921,7911,24294,piso
RT22_33.jpg,4975,680,1048,329,693,308,222,687,318,285,355,664,317,356,458,300,1007,327,274,466,417,369,691,305,200,357,264,366,869,670,281,319,364,296,402,975,291,287,458,287,395,1192,286,442,411,387,964,339,246,385,857,346,370,905,387,1179,961,7874,25073,piso
RT22_35.jpg,3810,578,804,417,525,292,283,599,284,390,729,605,322,400,862,446,800,351,426,931,598,437,530,336,311,767,475,445,791,639,353,503,780,487,410,846,330,423,1049,519,440,1074,447,967,658,507,965,592,430,491,916,463,450,863,461,1023,880,7590,21436,piso
RT22_20.jpg,4759,676,965,345,634,314,202,638,295,342,351,605,315,309,501,300,963,291,298,644,428,395,640,305,176,334,265,356,830,674,414,409,432,357,394,1010,314,365,874,378,421,1279,278,558,528,465,1020,299,278,416,928,276,333,871,318,1116,835,8042,24178,piso
RT22_10.jpg,4973,686,1132,325,704,362,223,710,369,305,290,666,338,360,546,307,1069,289,289,390,462,471,614,308,205,285,294,395,932,667,332,273,225,296,443,990,293,274,330,267,378,1274,239,434,401,411,907,277,216,389,797,278,328,870,373,1264,953,8113,24945,piso
RT22_31.jpg,4712,667,905,337,680,307,239,718,402,346,424,740,324,321,674,344,845,313,346,568,549,509,635,300,257,344,310,481,955,627,325,264,276,375,421,1005,313,309,413,274,378,1130,321,488,467,370,910,426,303,379,800,374,380,906,372,1121,1016,7789,24452,piso
RT22_6.jpg,4835,696,867,316,731,347,242,735,324,339,529,711,284,284,521,375,841,273,237,481,442,399,647,320,252,435,247,371,934,716,304,314,418,411,406,1010,333,289,500,287,378,1157,283,544,473,415,941,463,281,373,899,371,373,870,305,1074,904,7705,24724,piso
RT22_26.jpg,4689,662,1066,358,677,379,270,611,367,372,543,637,308,390,556,345,1053,352,319,634,519,421,613,343,266,421,300,420,790,612,323,346,508,351,390,989,329,313,632,347,406,1290,316,622,448,445,919,478,299,393,822,342,344,866,388,1245,844,7439,23809,piso
RT22_16.jpg,4743,665,1025,347,602,368,265,655,281,299,478,622,329,275,406,274,1000,372,321,414,404,379,681,351,311,474,305,379,846,627,339,313,482,359,416,925,349,275,498,322,388,1188,322,513,415,433,870,534,307,457,908,378,451,967,416,1217,898,7795,24303,piso
RT22_13.jpg,5261,809,892,337,761,345,269,748,321,251,397,712,291,272,460,252,867,282,238,358,383,348,694,267,209,414,237,343,854,722,287,278,428,343,344,1025,279,247,366,260,324,1063,237,395,299,363,1030,315,225,329,868,287,300,851,327,997,947,7764,26164,piso
RT22_37.jpg,4770,705,951,299,714,344,216,653,344,299,461,718,287,284,463,349,903,290,225,436,449,431,661,297,231,322,236,337,884,700,312,295,441,383,401,1024,315,310,496,293,404,1232,287,555,469,420,990,411,269,365,852,327,370,890,327,1071,949,7980,24839,piso
RT22_8.jpg,4680,716,892,341,686,354,257,654,311,309,496,680,314,411,813,360,879,262,283,583,510,434,647,338,191,339,277,387,875,571,308,310,379,349,402,1064,339,402,681,341,375,1057,295,850,491,345,956,515,286,368,779,260,343,923,334,976,924,7543,24491,piso
RT22_23.jpg,4807,712,907,322,723,323,269,685,312,322,488,740,324,344,598,322,857,291,230,490,460,360,737,289,228,447,244,403,837,637,293,292,489,386,348,1014,332,324,534,356,357,1041,312,597,420,340,968,453,306,387,826,332,310,924,355,1046,1008,7563,24915,piso
RT22_29.jpg,4591,622,1268,406,609,374,239,582,332,358,348,570,343,373,565,369,1231,394,358,702,475,425,598,326,248,401,352,437,735,560,364,418,568,293,426,856,303,348,727,405,450,1520,296,502,439,462,846,361,270,396,761,319,378,844,404,1397,838,7641,23513,piso
RT22_18.jpg,4877,676,912,342,692,290,273,696,277,304,485,661,292,307,483,318,905,303,274,423,436,339,708,328,238,437,293,396,871,680,303,282,403,413,385,903,313,259,465,308,409,1117,300,524,406,424,954,504,311,439,858,335,406,1008,362,1130,888,7795,24816,piso
RT22_2.jpg,4961,752,951,300,669,303,236,651,274,334,448,713,305,295,427,292,937,311,290,471,407,378,650,316,252,381,271,381,838,644,312,268,330,323,387,936,327,299,457,279,356,1131,297,464,401,387,927,398,289,391,906,365,398,1023,373,1126,940,7821,25187,piso
RT22_28.jpg,4898,690,1087,366,639,371,222,616,347,285,338,614,343,310,525,282,999,297,255,471,489,404,622,296,168,266,253,360,879,701,311,329,338,339,409,990,294,317,559,321,423,1348,281,482,435,423,953,273,245,351,825,255,325,884,326,1130,886,8088,25003,piso
RT22_36.jpg,4747,750,950,315,735,348,265,680,289,306,543,648,319,287,546,295,888,300,281,494,437,364,744,311,250,474,254,342,775,621,334,264,443,421,382,939,302,313,575,288,390,1112,273,523,437,427,934,511,294,396,901,336,349,971,349,1098,943,7583,24890,piso
RT22_22.jpg,4815,658,872,332,691,338,289,716,318,281,417,778,341,281,393,284,880,312,334,448,388,431,694,315,321,477,332,416,986,672,294,286,418,401,350,961,280,196,440,309,343,1097,244,307,343,350,964,494,248,333,800,421,346,927,402,1056,1015,8008,25093,piso
RT22_34.jpg,3550,443,1516,440,490,443,355,405,354,572,663,441,326,400,1146,522,1522,391,521,822,652,510,375,413,393,748,454,500,593,387,317,508,710,550,582,764,313,344,853,461,570,1687,506,854,630,533,803,804,437,464,634,557,494,744,495,1579,769,7586,19641,piso
RT22_9.jpg,4234,644,995,355,689,405,285,704,350,382,419,645,323,405,639,354,948,332,383,719,668,503,586,298,222,436,380,475,896,622,328,346,418,348,476,973,299,351,613,317,413,1205,340,589,513,443,929,380,290,427,856,378,379,904,431,1152,929,7984,23229,piso
RT22_11.jpg,5137,713,961,345,654,298,273,736,331,299,422,692,277,310,549,262,954,293,242,439,421,434,683,330,217,357,251,343,893,727,300,250,383,348,384,987,328,288,394,205,349,1144,240,441,355,342,920,364,223,359,802,278,353,928,336,1119,947,7680,25646,piso
RT22_14.jpg,4465,656,816,384,615,368,333,735,345,366,683,625,302,258,505,343,810,340,344,617,387,438,632,350,294,616,374,385,855,733,327,364,780,464,408,899,308,281,625,387,411,1111,334,502,385,432,994,627,369,398,869,376,400,880,377,1060,920,7638,23636,piso
RT22_3.jpg,3590,439,1503,439,493,456,354,407,327,571,704,419,334,460,1083,550,1454,429,485,867,724,510,394,376,412,773,461,504,658,416,314,472,763,522,553,806,323,348,749,431,527,1753,495,916,591,482,792,864,462,453,627,586,469,747,512,1605,769,7374,19639,piso
RT22_12.jpg,4606,603,1149,342,636,356,221,592,368,352,327,660,312,363,778,349,1172,357,343,893,542,468,559,304,236,482,328,424,814,559,299,347,467,347,407,930,291,377,680,331,379,1286,316,643,510,364,842,355,281,416,819,296,362,869,407,1397,923,7570,23530,piso
RT22_38.jpg,4918,713,888,301,697,309,202,681,301,317,425,729,310,281,516,303,849,267,292,464,450,386,695,291,206,372,303,388,959,697,314,299,343,306,369,1033,336,304,461,298,358,1102,289,508,443,380,972,341,214,365,891,281,356,913,299,1065,998,7889,25299,piso
RT22_30.jpg,5181,728,972,293,730,287,202,655,320,307,340,708,294,386,645,282,919,301,249,486,426,363,702,303,226,212,237,342,784,677,310,243,266,274,321,998,341,411,522,238,337,1154,263,587,527,334,986,366,296,372,804,286,313,924,329,1162,863,7627,25525,piso
RT22_7.jpg,4991,757,882,293,685,292,265,729,305,282,413,669,307,324,572,302,847,284,287,464,431,377,691,286,197,422,248,405,892,679,340,300,383,306,393,1037,308,307,532,308,355,1054,291,574,412,362,1022,369,305,363,850,263,324,943,337,1035,994,7675,25216,piso
RT22_5.jpg,4559,694,902,319,716,313,297,716,265,321,622,679,294,287,482,325,871,301,301,496,415,354,696,328,329,558,334,369,800,734,273,311,626,437,376,899,311,277,555,345,389,1113,288,528,431,377,946,659,323,401,896,412,408,985,372,1081,897,7725,24218,piso
RT22_39.jpg,4564,690,897,322,655,328,253,669,339,355,531,650,336,440,784,363,902,298,289,605,593,438,642,300,163,306,290,435,896,654,326,315,367,314,386,1032,302,388,608,354,373,1143,282,746,511,372,972,456,297,354,794,274,345,902,347,1086,936,7837,24130,piso
RT22_17.jpg,3298,500,933,364,510,387,474,589,308,377,631,508,334,303,525,383,866,367,700,1224,535,519,527,307,445,1902,738,515,977,519,273,577,1613,682,512,936,268,251,996,677,505,1047,336,505,420,428,787,593,365,369,791,642,457,765,584,1069,941,7696,19886,piso
RT8_33.jpg,5206,740,829,375,811,455,667,840,401,417,994,699,315,310,602,351,735,363,243,230,335,428,724,366,377,372,219,334,932,739,306,243,688,823,406,911,348,299,187,210,358,880,357,570,349,350,821,513,338,384,856,436,371,862,341,848,754,6495,24823,tijolos
RT8_10.jpg,4935,635,726,370,693,373,878,1093,354,311,965,691,318,322,423,317,670,390,237,221,353,412,644,315,743,739,269,296,1161,1020,286,289,1190,1022,386,856,294,315,204,255,421,746,270,460,311,333,793,875,284,287,1175,849,336,757,387,719,827,6372,23363,tijolos
RT8_38.jpg,4954,485,474,313,551,363,831,1881,417,217,554,569,427,172,106,219,571,434,393,189,178,291,652,455,1046,1151,377,309,2185,1852,430,366,950,1023,364,581,408,196,178,321,343,364,319,138,192,309,595,788,323,381,2305,1429,500,683,482,461,633,6411,21447,tijolos
RT8_20.jpg,5044,728,584,449,582,361,491,1497,365,290,376,726,390,352,379,320,525,521,359,268,321,384,665,393,636,696,349,426,1360,1470,360,285,607,512,331,678,378,309,219,311,363,551,312,420,315,381,818,466,415,446,1398,665,476,874,490,712,913,6408,23816,tijolos
RT8_40.jpg,4623,743,701,290,855,546,279,645,273,326,2239,755,280,226,212,382,705,285,173,518,253,277,809,476,289,153,179,249,696,697,294,116,121,359,532,912,290,288,507,157,269,817,361,272,317,270,844,1981,402,329,738,334,407,908,345,1014,867,7118,25233,tijolos
RT8_7.jpg,4769,618,684,409,582,337,1470,1131,288,239,1112,536,262,282,287,290,645,334,224,311,352,317,506,320,1248,954,268,318,1178,1081,324,301,1314,1687,422,798,272,338,357,343,426,791,259,292,423,352,815,839,264,289,1176,1357,385,676,374,756,680,6347,21527,tijolos
RT8_32.jpg,4790,830,895,539,721,389,883,594,275,202,447,678,297,197,150,172,793,419,489,598,272,288,685,348,474,1161,475,369,699,678,369,583,1970,1022,386,784,319,271,637,593,569,1014,196,174,346,481,988,289,190,305,786,535,317,769,432,932,757,6164,23551,tijolos
RT8_4.jpg,4830,1238,702,258,774,321,174,547,274,460,728,1220,279,380,477,510,768,286,150,302,338,312,767,322,173,107,156,280,650,550,290,118,82,213,309,866,296,402,260,117,284,694,486,588,384,320,1362,621,614,363,710,238,371,1034,319,754,1411,6194,27503,tijolos
RT8_28.jpg,5894,790,639,351,882,300,310,915,253,138,150,811,322,219,139,115,701,392,344,211,233,277,892,280,373,865,335,309,917,858,325,284,1283,366,304,1000,276,185,197,297,341,685,155,133,197,260,888,139,139,284,977,387,342,938,389,747,900,6785,27118,tijolos
RT8_19.jpg,4959,840,543,509,593,333,503,1350,370,270,364,716,327,311,464,303,475,447,320,252,330,359,652,355,645,723,361,401,1254,1455,345,301,639,477,328,682,351,289,232,341,446,558,302,467,323,379,905,453,428,398,1278,583,443,943,457,684,961,6486,24273,tijolos
RT8_30.jpg,5049,734,747,325,823,491,865,745,398,473,1569,775,296,267,436,388,696,284,180,159,291,397,738,374,485,295,167,284,1020,741,253,195,454,1000,529,933,361,274,133,169,334,806,414,480,319,276,818,758,399,366,907,551,442,852,321,716,853,6479,24652,tijolos
RT8_9.jpg,4560,599,707,353,702,463,876,967,345,435,2287,586,260,362,611,527,604,295,210,236,417,431,538,383,783,518,231,345,1130,1028,300,273,816,1082,485,897,275,367,246,265,424,791,301,516,364,337,787,1674,400,317,1086,890,370,698,368,626,742,6121,21929,tijolos
RT8_11.jpg,5255,852,700,273,1153,240,145,608,270,147,120,825,348,407,226,119,812,335,433,562,406,309,1195,276,202,546,483,323,792,579,279,353,478,193,237,1238,281,353,517,357,297,683,148,205,355,298,915,98,136,284,682,250,313,1311,391,724,1033,6295,27891,tijolos
RT8_5.jpg,5692,602,647,280,688,316,662,1608,322,266,625,661,314,208,281,231,608,336,194,141,222,307,681,352,679,497,198,313,1634,1595,263,205,490,775,353,718,275,221,113,169,315,596,300,309,225,284,755,636,334,317,1682,800,445,838,345,695,802,6886,24230,tijolos
RT8_26.jpg,5714,937,587,255,715,334,191,818,277,278,916,985,253,227,315,318,685,311,120,132,266,308,808,420,360,143,128,270,880,935,277,120,94,281,350,823,319,248,125,99,275,649,433,322,291,284,1022,961,445,346,1006,372,449,967,328,759,1102,6644,27259,tijolos
RT8_18.jpg,5142,635,863,292,734,507,352,1060,326,279,637,639,269,425,364,322,959,338,179,355,411,329,752,464,489,249,283,332,970,1010,290,167,226,368,374,829,365,457,339,233,332,776,392,513,461,383,801,780,491,405,1025,436,520,1032,398,912,867,6597,24801,tijolos
RT8_14.jpg,5863,948,627,295,754,318,223,810,252,285,847,967,257,180,186,296,676,292,140,130,184,243,888,406,297,200,144,265,861,864,243,139,121,269,371,922,317,204,151,133,294,607,357,218,227,211,919,876,390,318,917,346,481,1081,330,767,1107,6660,27862,tijolos
RT8_1.jpg,4526,649,738,546,524,436,938,1666,277,276,686,523,357,496,284,389,845,440,329,596,437,385,507,310,698,548,455,412,1188,1753,386,421,887,715,457,758,306,563,589,509,463,693,244,332,506,457,792,387,401,477,1435,489,469,812,407,716,801,6271,21579,tijolos
RT8_39.jpg,4305,378,760,261,390,304,1207,1497,253,172,945,470,296,516,312,360,927,379,297,612,524,422,426,414,1933,1278,657,469,1343,1455,272,209,917,1071,334,565,294,534,473,354,325,610,255,514,498,303,494,1280,511,396,1228,1803,636,732,611,896,788,6073,18998,tijolos
RT8_2.jpg,4717,629,724,420,562,243,439,1112,258,172,275,564,315,633,379,243,791,387,369,848,691,369,568,282,613,1015,484,371,1364,1226,340,348,1189,487,366,716,266,684,766,433,424,632,199,384,677,376,794,303,312,386,1286,591,423,784,465,742,813,6575,22712,tijolos
RT8_3.jpg,5527,546,533,280,525,292,803,1593,279,228,751,711,312,222,175,201,611,392,265,207,212,286,624,351,930,658,252,322,1657,1639,284,194,588,1098,364,670,290,196,179,194,297,508,274,176,183,267,662,807,265,306,1788,1157,463,802,460,579,825,6793,23483,tijolos
RT8_37.jpg,4484,1447,529,307,782,220,136,425,267,515,382,1494,306,185,423,528,639,305,138,153,187,209,999,334,195,132,160,261,514,475,337,144,93,159,203,851,361,248,191,133,261,477,608,583,277,344,1664,472,664,357,636,247,319,1117,316,592,1603,5747,29401,tijolos
RT8_21.jpg,5452,1023,685,305,738,292,184,703,285,294,1069,945,255,251,267,287,715,320,138,258,313,259,876,416,287,130,164,281,787,674,272,124,121,266,320,812,306,322,266,123,259,765,468,325,334,290,1018,840,430,360,855,349,440,926,326,812,1105,6728,27321,tijolos
RT8_29.jpg,6053,747,648,336,761,291,289,1148,252,135,145,851,352,188,132,124,674,413,327,240,261,258,843,330,425,758,288,333,1148,1074,278,241,675,372,297,836,250,183,208,219,387,681,185,95,224,285,900,204,151,258,1139,436,316,988,449,733,968,6800,26954,tijolos
RT8_27.jpg,5406,933,786,329,684,342,339,708,260,364,1212,806,306,287,409,364,887,340,154,204,350,294,754,384,372,169,133,315,775,768,330,172,174,411,372,762,332,371,236,156,315,920,481,584,402,351,1004,876,440,413,911,389,411,888,309,1017,932,6473,25670,tijolos
RT8_8.jpg,4798,721,746,508,606,337,912,1069,295,242,721,557,282,323,261,247,680,384,293,415,346,304,579,310,869,1341,285,298,1124,1160,384,388,1707,1032,380,773,303,332,473,467,482,865,221,243,353,427,841,524,218,361,1297,878,358,764,427,690,667,6318,22350,tijolos
RT8_23.jpg,6005,694,647,325,676,303,604,1385,281,181,398,748,300,211,181,189,614,366,240,170,249,273,714,324,651,554,207,314,1579,1457,291,181,516,780,324,769,288,186,158,199,361,659,220,167,237,290,767,474,223,305,1459,767,365,790,403,642,796,6980,25099,tijolos
RT8_12.jpg,5391,570,476,263,587,295,775,1747,321,227,630,670,344,194,160,184,619,341,286,207,218,265,662,368,918,780,302,313,2000,1756,357,227,548,924,290,540,345,217,183,221,293,466,291,181,206,308,592,889,330,309,2049,1119,457,795,447,606,729,6704,23044,tijolos
RT8_35.jpg,4871,770,635,223,1404,250,115,541,291,116,61,911,339,365,221,117,679,299,527,527,345,271,1415,279,182,467,610,335,636,473,265,470,379,160,234,1519,298,298,495,516,254,591,127,192,285,257,899,84,127,258,582,231,285,1650,309,617,1092,5780,29007,tijolos
RT8_36.jpg,5681,870,874,446,791,282,245,727,231,137,87,909,391,219,171,156,982,663,390,270,213,222,757,349,314,818,388,310,781,655,287,293,736,259,255,811,234,192,165,270,430,856,200,208,201,247,916,154,197,221,730,360,332,947,584,862,1024,7076,27160,tijolos
RT8_13.jpg,5734,642,491,278,635,261,694,1642,294,203,649,698,308,155,122,194,561,362,282,139,175,235,695,369,900,712,240,319,1783,1737,300,226,524,901,288,597,307,122,129,181,300,538,280,131,162,278,653,801,264,320,1838,1138,442,813,431,646,733,6866,23818,tijolos
RT8_17.jpg,5001,723,785,482,577,358,497,1221,283,215,311,691,398,474,334,273,946,498,358,517,423,367,600,348,509,677,459,432,1153,1289,402,359,727,424,338,778,315,462,356,401,468,677,251,410,463,407,849,308,351,370,1115,489,439,890,504,802,851,6416,23715,tijolos
RT8_34.jpg,5329,569,589,309,558,296,863,1753,278,246,735,650,345,269,196,253,634,328,227,255,287,276,615,337,886,632,306,325,1752,1727,305,216,589,1075,350,635,287,257,186,255,348,509,290,244,269,288,698,750,329,323,1918,1034,449,744,432,631,749,6703,22848,tijolos
RT8_31.jpg,4900,777,998,466,698,361,401,592,306,214,194,651,364,387,289,177,939,409,569,738,425,318,730,297,271,643,561,367,775,666,423,804,1569,474,340,794,330,465,968,804,533,1001,190,316,519,450,943,149,164,364,810,338,292,823,413,1012,789,6231,23745,tijolos
RT8_25.jpg,5460,1192,774,245,783,211,95,534,292,360,176,1180,314,326,662,356,878,240,140,262,325,363,805,299,107,74,113,282,570,583,321,134,76,122,243,859,412,438,274,120,227,789,448,692,442,330,1288,228,414,431,706,137,302,1001,263,909,1195,6533,28201,tijolos
RT8_24.jpg,5724,821,669,323,737,326,932,1011,261,220,800,740,284,226,178,206,644,338,184,157,262,256,741,354,618,466,184,250,1217,1100,274,183,584,1113,323,820,254,208,151,173,346,723,198,182,216,290,866,550,179,238,1194,681,353,834,353,680,894,6810,25637,tijolos
RT8_22.jpg,5970,821,596,312,813,267,229,943,284,156,127,874,339,256,202,136,668,397,298,268,301,263,871,294,295,679,354,331,1044,902,266,246,699,288,292,915,255,225,234,265,393,657,150,182,254,262,888,135,132,267,939,330,325,1044,429,719,959,6853,27643,tijolos
RT8_6.jpg,5346,599,669,322,631,325,876,1405,277,224,644,588,276,372,284,273,665,346,226,259,366,286,576,334,978,637,213,290,1454,1451,294,224,630,860,351,714,304,361,269,258,357,703,230,278,369,338,791,722,274,297,1541,910,379,771,390,692,763,6827,23447,tijolos
RT8_16.jpg,4293,1010,737,306,1378,245,149,510,340,172,109,816,396,433,536,243,631,327,513,581,478,373,1310,247,152,332,447,367,644,486,367,479,361,191,313,1312,346,420,599,449,270,685,213,544,418,307,938,148,288,395,630,223,321,1337,326,748,1034,6091,27222,tijolos
RT8_15.jpg,4096,1473,513,238,1186,373,219,435,279,539,503,1368,294,278,462,447,477,204,252,559,378,269,894,355,185,191,345,348,575,398,281,249,211,272,328,977,278,339,590,348,300,630,504,451,406,349,1340,432,448,378,622,257,345,943,306,661,1267,6139,27752,tijolos
RT19_31.jpg,5797,382,193,239,367,253,1011,3043,227,225,1376,393,246,31,39,184,230,256,218,34,69,189,375,256,1378,1146,159,169,3500,3015,264,225,1021,1432,282,415,217,38,34,156,239,192,241,63,85,179,373,1684,172,167,3361,1846,309,386,268,174,382,6482,19849,madeira
RT19_30.jpg,5925,393,275,278,407,286,1126,2675,196,211,891,367,236,40,29,164,257,279,188,45,75,223,374,307,1517,1465,166,210,2891,2730,255,226,1246,1470,289,438,242,48,69,209,285,284,225,34,94,218,432,1225,194,216,2944,1910,311,454,308,281,436,6652,20315,madeira
RT19_39.jpg,5659,413,2941,212,338,246,20,242,253,226,42,369,282,1619,1430,184,3085,247,241,1372,2092,284,345,247,31,26,184,276,238,236,279,201,42,67,210,334,263,1397,1172,183,182,3094,260,1364,1738,306,378,36,210,286,228,78,202,363,236,3363,369,6448,18867,madeira
RT19_21.jpg,5759,383,200,279,371,271,1087,3001,239,233,1019,389,236,30,27,177,226,304,249,27,74,230,416,271,1367,1635,222,199,3447,2893,219,243,1437,1515,262,375,209,42,33,199,301,191,199,34,73,219,413,1053,175,187,3313,1723,348,426,357,214,429,6106,19980,madeira
RT19_4.jpg,5312,377,203,286,361,290,1129,2907,244,273,1956,404,254,28,44,278,228,289,234,35,67,243,390,313,1418,994,184,255,3176,2915,229,202,837,1465,309,410,292,27,34,162,321,218,254,40,90,201,408,2129,243,221,3349,1697,400,427,366,226,475,5947,19470,madeira
RT19_10.jpg,5786,649,2056,349,469,311,105,414,306,268,121,699,364,610,583,222,2084,321,276,1361,767,290,507,313,109,90,248,412,372,390,347,273,75,135,268,465,310,632,1604,266,314,2443,240,536,837,413,676,96,216,344,355,122,301,520,342,2367,680,6330,23177,madeira
RT19_25.jpg,5787,392,2891,236,347,208,37,222,277,210,50,365,285,1555,1258,202,2889,236,212,1452,2022,277,366,247,45,34,172,290,254,230,308,247,47,94,233,350,296,1409,1151,214,206,2978,265,1320,1791,280,390,52,199,287,222,78,250,358,213,3155,387,6490,19218,madeira
RT19_2.jpg,5648,404,264,300,412,296,1224,2612,275,246,1331,447,257,49,65,230,274,327,231,67,105,274,412,331,1514,1189,192,240,2715,2636,238,241,1047,1566,353,446,237,41,43,194,303,367,251,55,100,209,466,1424,216,238,2762,1911,325,480,378,322,454,6276,20026,madeira
RT19_24.jpg,5788,683,2049,358,524,317,119,446,317,259,133,688,353,566,485,231,2031,367,292,1525,623,305,526,342,133,100,248,407,414,461,328,261,79,133,279,539,297,526,1437,243,354,2251,238,447,669,390,728,127,251,331,438,144,339,517,352,2231,699,6311,23507,madeira
RT19_32.jpg,5730,479,212,294,385,278,823,2945,240,222,1807,415,226,32,34,218,191,273,220,32,72,251,398,344,1163,821,184,217,3390,2924,240,194,681,1093,286,391,256,27,31,162,315,199,281,49,90,257,400,1974,273,246,3494,1494,379,424,377,189,444,5974,20496,madeira
RT19_36.jpg,5466,492,375,350,577,358,962,1893,257,272,1263,496,238,58,95,278,398,336,225,43,87,289,627,426,1334,880,174,236,2230,1947,242,213,708,1324,402,625,320,79,73,205,354,400,346,73,128,246,517,1494,306,325,2354,1686,497,622,390,385,534,6100,21926,madeira
RT19_29.jpg,5902,407,262,274,368,265,1263,2909,206,195,1244,352,200,43,51,205,263,261,190,31,72,194,384,244,1452,1069,164,199,3034,2856,211,196,1029,1691,253,409,204,50,40,169,270,284,199,32,83,195,436,1374,187,211,2980,1790,300,443,289,255,381,6754,20262,madeira
RT19_26.jpg,6095,1329,596,178,817,156,60,544,309,267,143,1339,216,174,961,304,591,180,63,58,212,321,857,143,79,26,43,208,519,523,239,57,29,112,159,871,325,248,61,51,173,475,436,1374,292,229,1532,162,450,408,618,113,186,951,185,506,1454,6409,30120,madeira
RT19_7.jpg,5670,385,199,267,399,295,974,3068,228,180,744,406,236,29,36,157,215,334,224,39,90,190,443,283,1336,1941,221,232,3334,2859,226,219,1589,1310,308,401,218,31,37,195,285,201,227,24,86,207,428,838,163,223,3309,1748,335,462,348,211,454,6170,20269,madeira
RT19_11.jpg,5756,361,2896,234,356,234,31,224,289,239,47,356,287,1456,1332,239,2924,234,228,1253,1854,306,387,248,37,34,197,303,267,243,264,240,43,82,248,405,268,1493,1151,188,236,2952,230,1396,1754,277,380,35,203,310,235,80,251,357,224,3110,413,6509,19350,madeira
RT19_8.jpg,5640,634,433,352,576,374,580,1731,287,333,1358,617,283,85,144,320,362,347,199,79,140,288,617,411,637,438,188,229,1955,1875,302,218,463,788,511,635,302,96,82,158,357,409,403,131,133,263,645,1633,392,298,2181,888,511,677,364,393,666,6413,23712,madeira
RT19_18.jpg,5711,430,193,295,433,288,948,2944,211,234,1923,424,228,26,30,230,195,285,220,30,79,243,432,328,1241,816,180,212,3387,2859,221,175,749,1312,309,403,206,18,27,151,282,186,242,25,81,232,413,1913,254,204,3504,1528,343,451,376,213,453,5984,20226,madeira
RT19_12.jpg,5820,1355,568,206,849,180,71,544,297,304,179,1312,240,213,941,364,595,213,64,62,249,379,890,179,97,36,60,206,527,559,242,59,42,110,173,898,347,253,78,52,170,558,489,1322,305,266,1570,253,545,393,627,124,215,1006,190,565,1362,6207,29556,madeira
RT19_23.jpg,5516,442,271,291,557,337,653,2453,351,295,1388,413,304,94,105,255,255,247,298,96,114,274,613,324,838,709,235,217,2946,2629,259,272,818,984,406,590,301,76,119,273,258,248,259,78,135,229,406,2062,231,307,3117,1171,391,567,291,233,407,5961,21567,madeira
RT19_35.jpg,5815,351,224,253,362,258,1177,2949,223,201,1127,349,214,37,37,156,237,293,240,23,63,202,409,285,1593,1535,215,195,3258,2882,209,193,1306,1581,276,356,210,40,33,161,281,192,225,39,65,169,362,1244,175,201,3221,1998,319,382,326,232,426,6400,19751,madeira
RT19_3.jpg,5831,372,220,245,377,270,1214,2954,253,201,994,399,224,47,35,186,219,309,259,34,79,205,378,279,1605,1621,218,206,3174,2845,218,227,1201,1590,268,382,200,42,45,188,275,219,217,33,73,177,387,1335,183,174,3123,2049,299,440,327,218,418,6429,19546,madeira
RT19_1.jpg,5735,392,255,288,376,298,1287,2671,218,264,1206,441,261,52,48,218,288,314,224,46,102,226,398,295,1616,1205,196,221,2785,2620,248,226,998,1660,311,430,255,41,42,209,268,297,274,51,84,231,450,1479,204,238,2793,2091,324,480,352,303,454,6376,19821,madeira
RT19_37.jpg,5430,475,300,272,558,347,640,2262,307,326,1781,435,318,87,90,226,287,274,258,115,118,280,549,341,738,642,236,205,2703,2330,308,260,702,856,413,600,324,93,140,238,257,245,289,89,134,214,426,2572,275,270,2825,1062,432,632,320,252,470,5998,21910,madeira
RT19_40.jpg,5977,1394,572,206,779,120,56,503,292,326,156,1417,224,174,1118,362,564,208,57,54,221,313,779,130,64,33,41,201,446,447,232,52,32,98,121,814,315,213,55,43,147,466,432,1576,278,216,1598,188,473,375,563,87,146,879,164,549,1561,6430,30199,madeira
RT19_17.jpg,5759,362,228,252,352,257,1042,2995,243,247,1078,401,205,40,35,187,225,287,233,37,73,214,400,280,1568,1386,172,236,3397,2973,237,187,1054,1478,268,377,226,31,35,161,251,220,230,38,74,192,404,1572,196,202,3217,2054,296,382,302,227,397,6398,19666,madeira
RT19_14.jpg,6018,624,1333,266,832,314,96,548,416,264,124,661,316,403,1103,263,1447,257,173,285,473,464,781,357,100,106,160,268,504,524,298,201,84,113,316,850,407,453,323,165,229,1349,349,1668,553,320,653,117,375,500,501,135,335,894,215,1640,593,6682,25738,madeira
RT19_33.jpg,5456,1800,362,251,697,206,142,531,140,406,886,1714,199,58,271,506,344,226,53,25,98,136,722,259,170,58,23,154,386,488,195,33,26,195,249,735,190,72,25,34,178,322,611,284,92,151,2051,1140,625,192,475,196,288,877,183,379,2041,5772,31158,madeira
RT19_19.jpg,5589,1697,337,217,789,259,164,537,117,300,1175,1627,163,57,152,367,347,236,47,10,82,109,803,290,211,42,23,123,436,520,194,48,49,198,275,757,164,58,15,18,185,351,478,194,94,130,1887,1425,500,189,495,238,356,918,182,371,1911,6011,31019,madeira
RT19_16.jpg,5937,367,253,257,389,279,1150,2771,255,217,971,397,227,34,33,165,252,289,220,44,79,214,384,272,1658,1268,156,212,2911,2839,234,218,1143,1509,287,442,229,39,48,217,320,266,207,43,94,224,416,1272,202,224,2935,2083,262,434,303,295,436,6626,20028,madeira
RT19_5.jpg,5390,1409,315,269,774,309,247,654,138,405,1825,1518,219,63,165,428,303,233,59,25,92,131,767,286,285,65,38,150,498,614,191,65,87,287,378,770,144,76,24,33,191,307,500,206,93,128,1559,2197,560,172,545,328,437,815,192,362,1679,6187,29349,madeira
RT19_28.jpg,5933,571,1753,284,706,329,101,473,399,285,95,594,302,424,1023,260,1670,284,228,386,524,477,746,357,78,109,200,293,469,487,292,190,99,148,302,775,400,570,474,210,279,1780,307,1767,670,331,580,94,279,441,450,127,306,787,260,1984,546,6510,24738,madeira
RT19_6.jpg,5393,574,271,319,406,366,595,2006,263,345,2745,573,287,45,86,326,298,399,170,58,93,246,443,356,781,371,177,268,2219,2040,281,138,322,834,416,449,233,75,40,136,321,278,395,84,111,268,563,3130,423,264,2376,1075,455,532,461,308,591,6073,22385,madeira
RT19_20.jpg,5883,626,342,325,551,318,534,2080,275,294,1656,574,249,64,72,294,367,321,158,61,107,284,562,353,619,354,163,278,2363,2068,233,178,344,692,386,575,254,56,51,136,335,337,245,82,109,259,574,1835,312,258,2418,895,448,555,414,394,636,6407,23923,madeira
RT19_15.jpg,5877,430,243,282,383,273,1292,2862,230,207,1239,389,220,35,39,163,198,273,188,26,76,203,423,289,1589,1146,158,205,2927,2854,213,200,1019,1700,278,399,229,29,33,161,297,265,209,23,99,211,422,1366,188,181,2949,1984,295,424,295,264,452,6651,19981,madeira
RT19_9.jpg,5685,397,280,253,532,330,654,2577,334,236,1173,412,305,97,75,208,264,286,267,88,121,286,538,349,946,813,225,228,3069,2689,272,283,722,857,342,570,306,66,104,233,257,264,252,78,117,240,344,1926,228,245,3198,1245,402,587,311,260,490,6078,21542,madeira
RT19_22.jpg,5695,506,324,321,568,340,763,1963,244,292,1125,530,208,65,77,294,366,353,217,52,112,275,651,401,1174,757,192,210,2259,2131,232,213,608,936,470,658,318,67,51,185,327,365,322,90,115,233,541,1545,319,303,2525,1382,486,672,384,408,576,6150,22590,madeira
RT19_13.jpg,5101,1585,402,251,824,206,166,484,169,639,765,1682,257,133,501,723,471,284,73,57,166,191,741,198,165,46,71,203,411,520,274,66,59,206,223,879,189,133,40,52,190,451,597,430,133,178,1882,1002,713,204,444,216,240,819,214,433,1882,5461,30441,madeira
RT19_34.jpg,5904,618,422,346,602,385,621,1840,309,322,1251,595,253,85,87,288,400,322,173,63,117,292,574,353,613,438,188,234,2208,1872,275,187,477,824,457,709,318,67,74,178,412,425,315,74,108,225,639,1282,282,251,2439,895,426,626,391,370,582,6381,24072,madeira
RT19_27.jpg,5148,1702,466,207,813,188,133,481,201,698,593,1793,254,132,853,859,426,246,53,44,164,219,700,141,112,37,39,210,365,434,203,56,30,141,199,840,174,121,29,40,178,428,556,552,135,165,1902,587,625,169,392,134,182,882,168,433,2050,5444,31010,madeira
RT19_38.jpg,5746,659,1933,340,530,305,92,464,296,272,112,712,394,593,448,231,1944,362,280,1588,630,308,590,337,123,93,250,380,452,410,358,257,79,131,294,534,288,556,1484,231,377,2102,243,419,675,439,694,129,222,341,412,150,326,527,387,2088,687,6373,23859,madeira
RT3_4.jpg,5748,810,697,384,764,347,335,918,351,345,326,821,386,257,285,301,888,449,386,314,377,376,893,497,420,445,351,411,897,997,389,345,372,358,356,708,440,288,319,275,344,711,424,320,385,372,720,503,387,543,993,498,552,940,507,1049,891,5767,25004,rochas
RT3_20.jpg,4598,824,1131,460,554,365,266,493,366,613,463,697,443,557,1126,586,1178,498,423,679,667,426,629,486,321,298,414,456,382,593,481,441,280,303,377,570,496,874,792,487,549,1042,841,1850,1071,645,876,597,960,617,592,392,564,750,584,1468,747,4581,20717,rochas
RT3_8.jpg,5947,886,1228,439,669,365,205,605,351,392,199,760,380,332,369,255,1287,487,362,315,390,323,731,440,218,184,190,306,608,728,507,397,193,214,323,697,495,434,382,234,329,1278,497,533,508,420,855,252,306,363,709,266,352,730,347,1423,817,6244,25480,rochas
RT3_38.jpg,5272,697,860,371,766,360,346,785,363,394,376,740,429,433,493,331,867,406,517,653,486,396,798,424,367,548,489,467,808,721,423,455,478,383,378,818,422,456,679,411,408,806,434,562,508,414,769,483,418,438,861,464,472,917,441,873,841,5659,23902,rochas
RT3_9.jpg,5699,831,886,367,727,378,276,709,386,409,362,800,411,387,482,319,1023,436,378,440,497,372,828,427,311,297,292,373,677,775,427,381,313,292,359,695,460,422,445,310,392,1028,498,616,626,446,873,411,401,501,802,363,443,946,392,1181,833,5474,24651,rochas
RT3_14.jpg,5094,708,852,420,692,384,342,663,378,552,536,723,447,485,830,525,957,482,463,641,665,414,724,504,389,483,449,458,656,735,435,418,443,363,404,621,504,597,665,376,442,933,645,924,759,488,771,696,655,583,733,539,570,916,495,1197,865,4817,22031,rochas
RT3_36.jpg,4986,780,655,385,622,338,391,866,333,514,758,829,383,309,645,514,784,497,337,373,398,387,668,536,566,439,425,495,731,1014,429,347,435,443,363,614,471,442,345,355,410,648,796,858,543,576,861,1080,989,569,976,656,597,818,618,908,922,4976,22533,rochas
RT3_13.jpg,5806,784,1113,401,643,374,190,606,371,385,252,702,338,420,608,297,1212,404,395,487,583,344,831,413,226,209,276,348,511,672,500,412,213,245,332,675,445,637,634,296,395,1196,460,849,777,536,857,310,431,499,724,241,430,849,425,1478,726,5568,24195,rochas
RT3_33.jpg,5261,731,644,354,588,352,397,922,344,454,649,808,386,278,448,464,791,498,395,383,381,365,765,509,581,561,428,423,842,1061,406,371,483,449,361,609,444,375,336,350,407,658,704,732,466,532,794,867,728,546,1115,736,604,877,545,895,886,5177,23020,rochas
RT3_31.jpg,4410,627,1504,486,582,416,263,392,374,430,277,505,371,694,1121,426,1358,425,497,1195,817,372,667,452,240,336,521,340,345,435,499,698,408,320,439,615,504,1129,1909,759,536,1485,570,1611,1420,643,719,371,699,635,506,302,540,808,444,1477,524,4621,19467,rochas
RT3_30.jpg,4223,553,1452,457,564,416,230,326,356,489,311,468,363,790,1401,478,1413,455,431,1330,860,364,617,450,249,333,497,379,291,395,490,702,345,270,418,579,506,1336,2138,749,526,1398,614,1942,1607,600,722,376,701,628,454,319,529,767,458,1365,539,4566,18951,rochas
RT3_27.jpg,4625,736,997,421,594,384,318,616,407,471,469,681,401,577,958,477,1091,452,431,750,637,397,777,503,368,404,388,382,594,633,437,415,428,378,316,626,485,742,858,398,387,997,706,1443,881,453,833,632,752,543,661,467,543,879,462,1136,778,5231,21730,rochas
RT3_32.jpg,5260,714,851,405,751,379,382,856,407,357,521,695,451,378,482,374,841,430,436,620,462,435,747,459,391,533,492,410,856,802,403,449,483,454,427,851,415,421,588,469,446,770,460,537,504,442,782,482,506,459,886,496,468,851,483,831,864,5489,23643,rochas
RT3_24.jpg,4940,706,873,401,682,403,405,693,405,459,609,716,454,487,680,447,900,451,444,683,529,395,780,513,394,541,456,420,678,725,410,477,513,440,381,746,486,608,702,432,399,843,574,874,664,430,805,601,593,492,779,477,521,851,429,986,826,5336,22592,rochas
RT3_22.jpg,4865,757,742,438,673,399,427,753,379,534,665,764,441,454,722,538,814,537,446,569,570,464,694,533,506,546,498,485,724,803,432,444,561,497,430,643,482,495,519,444,472,752,653,961,636,547,734,837,761,584,798,668,642,831,565,1042,878,4855,21633,rochas
RT3_7.jpg,5812,813,749,378,695,347,302,884,342,364,352,818,402,265,296,297,822,476,356,303,346,389,855,511,425,387,363,386,888,1038,416,330,304,342,325,672,440,285,285,273,366,687,455,354,375,412,793,540,432,507,1061,485,529,868,554,1052,914,5790,25029,rochas
RT3_15.jpg,4920,736,801,412,629,415,382,666,366,532,579,787,476,482,722,488,916,525,497,620,592,420,715,537,482,523,443,463,662,766,432,502,448,417,448,629,505,592,553,413,421,807,725,998,709,501,838,780,755,588,748,540,644,885,579,1137,868,4670,21850,rochas
RT3_35.jpg,4933,893,1013,427,587,328,250,518,330,545,505,745,373,427,1093,558,1152,436,276,426,542,349,639,495,317,255,314,385,470,612,465,295,224,265,357,567,533,672,518,349,410,944,929,1711,816,563,1008,688,1002,576,687,416,563,775,510,1264,804,5027,22405,rochas
RT3_17.jpg,5262,647,729,361,773,391,341,855,423,414,367,716,491,396,450,346,923,593,626,709,483,489,879,533,444,654,613,517,876,769,358,444,446,346,412,752,481,367,568,389,418,782,477,386,465,414,712,457,405,525,725,551,578,953,548,1177,822,5088,23420,rochas
RT3_25.jpg,5033,663,837,389,673,357,297,803,376,430,548,782,424,472,742,427,936,445,411,541,594,422,747,508,519,546,405,449,685,796,359,370,422,376,398,717,453,531,645,358,385,769,588,967,606,446,754,726,648,492,832,554,544,874,521,1011,872,5345,22716,rochas
RT3_10.jpg,5829,872,1151,462,705,390,170,545,355,378,240,709,343,404,542,326,1291,415,347,364,485,360,748,434,203,179,215,352,496,692,506,370,181,229,319,674,464,549,533,288,390,1215,499,801,734,500,872,231,404,490,640,252,426,765,384,1569,766,5800,24683,rochas
RT3_23.jpg,5142,728,892,362,724,393,321,762,400,380,414,797,490,485,561,369,970,474,501,710,581,463,776,434,439,590,506,532,771,710,396,412,563,409,415,760,397,430,648,466,435,830,426,642,549,434,744,483,477,505,769,537,512,828,537,1010,896,5273,23076,rochas
RT3_37.jpg,4650,758,1313,422,516,331,197,315,337,497,352,579,342,651,1469,470,1406,380,313,779,762,381,680,467,221,228,356,358,307,429,474,406,209,237,392,486,476,1140,1241,506,404,1271,810,2482,1451,617,896,430,912,614,496,304,545,810,459,1509,638,4668,20387,rochas
RT3_26.jpg,4540,729,1037,454,579,334,300,498,392,529,524,643,399,554,1208,522,1166,462,360,664,683,363,708,483,350,326,381,355,443,591,498,425,307,332,377,549,516,936,920,426,433,984,830,1906,1099,570,905,632,969,627,710,415,551,807,441,1160,658,4957,21019,rochas
RT3_12.jpg,5896,765,926,369,742,379,283,792,417,371,290,809,404,344,332,252,979,466,464,412,415,382,823,453,336,403,397,430,819,773,381,391,339,319,393,850,421,327,396,317,404,925,434,366,387,374,780,338,333,437,793,419,456,920,481,1107,854,5636,25035,rochas
RT3_28.jpg,5120,715,799,375,738,413,328,786,409,382,441,745,427,439,553,408,930,451,493,607,513,434,789,441,437,548,493,441,818,768,405,425,538,418,400,843,453,453,672,479,386,783,453,660,556,408,778,572,465,468,823,504,491,851,502,901,849,5475,23284,rochas
RT3_6.jpg,5529,760,740,407,689,379,317,920,391,386,416,804,420,311,336,329,902,497,437,365,412,403,818,549,468,520,430,449,868,948,458,374,387,397,353,758,476,327,332,316,360,696,467,423,423,416,763,545,461,525,1016,538,548,932,565,1094,920,5415,24051,rochas
RT3_40.jpg,4177,575,1409,473,576,434,277,372,360,450,343,468,361,733,1156,468,1340,409,566,1404,844,402,629,484,276,439,561,349,365,443,522,742,453,319,477,572,512,1165,2105,815,503,1323,604,1613,1425,614,732,387,697,589,487,315,521,783,435,1312,538,4695,19138,rochas
RT3_2.jpg,5790,863,719,385,623,337,310,809,360,384,391,846,397,299,393,311,931,475,374,340,397,380,776,477,401,363,314,432,781,934,406,330,291,348,347,654,483,322,276,308,363,739,529,497,448,433,858,562,558,499,966,484,525,860,494,1162,871,5641,24690,rochas
RT3_16.jpg,5016,805,1031,454,580,383,268,512,352,577,408,720,433,511,877,431,1154,514,400,605,630,381,701,465,297,310,366,402,470,678,520,512,249,287,356,573,538,733,724,396,434,1032,694,1378,872,614,936,488,704,611,636,373,553,760,511,1521,781,4869,22150,rochas
RT3_3.jpg,5609,973,1005,403,692,322,205,615,319,407,322,831,393,361,599,332,1074,441,277,343,485,378,770,424,260,217,286,379,604,756,463,319,190,231,322,591,456,533,442,273,397,975,524,876,661,520,966,405,548,530,745,313,503,857,507,1397,843,5586,24481,rochas
RT3_21.jpg,4682,852,1088,511,573,380,277,511,369,639,509,683,388,492,1081,547,1166,490,421,572,592,387,667,508,294,268,393,435,429,600,510,443,264,327,395,604,532,725,730,385,487,1049,794,1554,907,656,944,544,922,608,667,361,602,725,562,1390,748,4779,21518,rochas
RT3_29.jpg,4838,723,719,402,644,382,452,873,392,461,734,768,423,414,701,513,812,501,450,547,495,391,702,513,587,587,464,461,772,901,421,430,607,471,430,650,436,492,552,487,426,707,641,805,587,453,766,843,675,514,991,675,552,799,547,896,851,5171,22039,rochas
RT3_1.jpg,5905,816,962,416,699,388,254,716,367,423,253,758,390,316,424,251,1177,472,396,396,404,361,833,456,273,258,237,339,623,799,442,400,226,264,348,717,460,382,365,247,364,1129,515,529,515,413,828,318,359,439,785,311,407,863,404,1326,809,5883,25126,rochas
RT3_11.jpg,5900,737,801,363,803,398,265,863,403,334,240,850,376,281,259,260,929,497,458,354,323,385,895,478,334,427,350,407,969,867,358,322,306,292,346,806,449,251,313,294,371,798,354,260,345,355,785,324,315,406,869,396,427,956,480,1028,799,5942,25783,rochas
RT3_18.jpg,5311,745,705,425,619,392,408,890,404,492,470,783,476,330,426,323,822,517,462,387,408,400,756,566,526,568,424,459,891,1000,428,419,472,405,382,627,471,332,333,334,397,733,610,526,415,473,790,743,540,498,996,636,591,834,585,1048,880,5256,23397,rochas
RT3_19.jpg,4959,863,735,467,547,387,407,736,369,479,660,874,473,348,544,458,926,571,380,353,470,389,698,541,529,411,399,475,707,912,539,348,354,462,364,576,478,415,333,345,456,739,759,847,521,593,923,938,758,574,961,605,599,716,620,1094,894,5045,22613,rochas
RT3_39.jpg,4552,659,1046,433,675,495,407,604,462,534,481,631,415,603,926,505,1031,431,468,757,687,455,638,445,346,464,399,369,623,580,438,493,502,473,431,794,519,793,900,403,418,1002,588,1146,872,463,799,567,540,490,700,364,444,814,384,1030,764,5468,21816,rochas
RT3_34.jpg,4883,807,663,402,607,340,390,777,333,493,772,812,382,317,655,518,779,502,373,416,412,368,697,549,592,553,402,425,700,876,420,312,414,438,362,592,465,482,431,351,423,676,780,1080,596,540,889,1155,940,583,937,671,627,806,614,909,921,4912,22415,rochas
RT3_5.jpg,5351,905,905,423,627,311,260,587,345,430,391,854,416,381,603,388,1110,495,370,455,491,368,749,446,359,297,362,403,582,720,493,317,257,280,343,598,465,506,451,324,383,879,670,959,700,543,934,570,649,539,776,365,528,825,543,1358,832,5353,23712,rochas
RT7_33.jpg,3735,551,983,424,603,413,397,487,416,604,667,627,443,829,1372,600,1045,462,672,1434,961,546,647,432,470,732,686,533,581,490,385,620,648,434,506,709,425,803,1401,627,486,987,611,1433,949,551,705,742,670,574,572,506,590,796,571,1199,797,4433,18964,folhas
RT7_6.jpg,3293,596,836,461,590,449,574,537,436,712,1101,532,420,694,1560,754,827,374,559,1385,899,519,539,395,489,769,593,523,589,568,472,658,847,644,548,707,434,864,1466,697,573,931,758,1639,1059,635,788,1069,851,607,695,575,568,709,531,937,680,4302,17719,folhas
RT7_31.jpg,3888,627,911,406,668,463,505,626,415,537,706,598,459,598,895,579,891,509,641,1193,713,556,641,447,496,960,773,521,686,643,461,707,888,592,500,757,403,632,1238,775,524,931,557,979,828,533,688,748,634,543,684,588,624,770,550,962,721,4593,19575,folhas
RT7_13.jpg,3529,662,922,454,569,452,577,584,450,746,1113,628,468,644,1287,785,860,510,654,1099,790,554,491,478,556,901,701,553,620,580,440,644,924,659,599,656,407,634,1049,728,565,868,730,1271,760,559,763,1101,778,540,682,662,574,703,644,980,767,4253,18379,folhas
RT7_37.jpg,3875,588,903,386,610,393,415,592,450,605,596,696,482,844,1213,574,1066,531,826,1579,950,533,616,454,444,838,756,591,630,567,351,652,641,351,463,669,442,771,1429,565,505,1096,622,1239,850,565,636,597,618,569,609,483,583,732,562,1217,754,4261,19101,folhas
RT7_1.jpg,4389,665,1019,454,730,504,463,642,405,602,593,721,459,648,842,538,957,433,630,1038,713,531,683,393,395,579,561,558,644,663,426,681,577,491,510,786,411,597,906,537,539,1047,526,809,673,531,795,512,495,533,706,413,494,798,487,1140,855,4686,21123,folhas
RT7_22.jpg,3234,533,881,414,570,445,543,568,427,692,1096,550,422,613,1387,768,873,472,714,1391,800,540,512,436,605,1098,814,545,633,564,413,662,949,665,561,739,444,644,1327,780,562,890,727,1412,900,521,726,1124,818,579,637,695,619,744,628,924,701,4389,17616,folhas
RT7_29.jpg,3852,643,869,409,682,472,522,703,454,602,803,605,469,603,905,638,824,483,661,1177,741,590,649,421,486,1016,745,527,725,661,420,668,951,631,546,819,396,573,1155,720,519,912,538,913,775,517,689,799,613,505,683,594,583,726,531,923,717,4620,19563,folhas
RT7_4.jpg,4516,682,1019,449,711,433,417,620,370,503,499,725,391,602,792,491,966,416,640,982,720,504,720,388,391,546,555,510,659,681,435,671,578,449,474,798,451,612,939,525,527,1008,518,870,742,542,766,476,493,555,729,359,537,834,479,1157,837,4763,21514,folhas
RT7_40.jpg,4029,561,901,366,614,344,404,628,439,580,573,711,473,773,1109,544,1031,539,773,1396,881,516,675,457,457,773,704,539,639,648,382,571,615,317,457,684,470,799,1253,537,437,1071,652,1188,873,557,662,647,638,598,663,499,566,804,568,1214,732,4425,19580,folhas
RT7_15.jpg,3602,655,929,447,564,429,535,535,403,657,1004,612,421,643,1232,703,859,474,618,1120,816,514,560,494,495,900,659,535,613,616,455,678,928,598,540,648,433,709,1185,754,569,890,709,1317,857,594,790,997,775,586,701,592,569,733,603,979,742,4416,18545,folhas
RT7_8.jpg,3391,639,824,435,586,434,534,546,433,661,986,568,407,693,1565,685,854,362,560,1290,865,501,581,425,493,770,551,508,614,589,454,638,823,590,515,708,447,773,1347,628,529,858,713,1612,961,591,771,1002,743,585,716,566,563,783,511,950,735,4570,18504,folhas
RT7_24.jpg,3176,533,877,428,589,436,563,526,415,677,1054,535,402,618,1357,766,901,496,706,1414,795,516,530,450,582,1100,802,511,622,556,394,695,998,662,562,704,464,656,1414,769,552,887,752,1513,851,532,720,1235,852,593,626,701,626,753,643,953,748,4321,17427,folhas
RT7_28.jpg,3373,590,837,402,561,386,519,610,443,647,960,591,413,608,1279,714,885,457,703,1385,849,489,607,468,524,994,790,508,644,561,420,651,999,576,502,694,431,662,1456,794,530,921,700,1392,875,527,673,992,760,594,663,648,583,762,601,975,775,4462,18121,folhas
RT7_11.jpg,4120,691,879,418,690,458,558,644,416,543,769,670,435,512,894,585,856,437,574,931,653,504,665,445,496,789,698,524,722,698,436,624,790,583,520,760,427,533,963,717,593,938,591,843,671,551,774,765,667,534,763,609,596,830,587,951,755,4601,20290,folhas
RT7_21.jpg,3360,568,898,462,607,479,611,613,481,732,1107,604,432,627,1356,789,908,472,660,1281,748,555,511,406,578,936,737,531,620,599,453,710,955,686,563,753,442,672,1273,789,613,910,723,1345,791,547,758,961,823,574,658,657,580,709,556,891,691,4278,17907,folhas
RT7_20.jpg,4279,681,934,369,663,399,504,769,396,461,731,714,439,492,850,604,938,430,536,838,656,482,666,434,498,786,598,492,732,766,391,524,656,519,509,791,428,507,782,543,414,864,515,842,642,463,765,751,603,505,765,567,532,799,537,1000,850,5094,21241,folhas
RT7_39.jpg,3953,613,873,378,610,354,408,616,420,581,610,701,463,799,1159,569,1005,527,784,1468,891,520,628,470,447,780,687,547,635,619,379,633,615,354,455,666,456,816,1348,543,471,1098,640,1248,917,566,671,624,626,557,651,475,553,777,548,1177,769,4334,19454,folhas
RT7_25.jpg,3454,652,877,487,594,450,616,650,454,739,1045,595,423,624,1235,729,909,445,715,1278,756,520,577,440,527,931,764,518,655,604,446,745,984,603,566,724,426,634,1295,834,593,909,667,1191,762,544,710,921,761,559,704,625,548,736,613,924,725,4288,18236,folhas
RT7_32.jpg,3652,581,952,410,631,447,499,572,359,570,845,559,438,584,1040,651,921,481,603,1292,747,523,628,451,507,1038,765,511,616,596,449,685,981,630,509,708,413,646,1372,828,550,960,634,1165,928,542,697,899,703,559,658,608,628,798,580,972,694,4549,18722,folhas
RT7_7.jpg,3446,613,863,394,567,388,506,555,407,656,970,575,395,681,1489,696,848,393,597,1247,860,500,603,422,518,804,596,536,603,592,431,614,792,597,506,673,429,743,1276,604,511,861,733,1657,907,589,733,1105,801,601,673,611,563,781,526,1003,744,4539,18613,folhas
RT7_23.jpg,3403,592,908,461,648,460,573,568,471,675,1000,591,415,647,1328,753,935,485,642,1273,763,533,550,414,540,870,726,511,606,597,451,713,926,639,529,742,449,686,1308,788,593,908,695,1335,801,572,795,952,776,580,682,630,590,754,572,922,740,4335,18135,folhas
RT7_12.jpg,3929,649,855,418,646,414,548,593,412,562,838,662,447,550,932,605,919,429,609,1054,696,521,663,460,505,901,672,500,679,675,443,642,853,635,508,721,427,547,1135,722,599,917,631,1004,728,539,745,798,677,535,743,611,595,824,567,980,751,4548,19768,folhas
RT7_10.jpg,3956,640,840,412,679,419,544,699,422,625,878,677,468,566,929,643,877,429,618,1002,676,545,631,469,525,968,694,542,716,703,392,622,849,627,529,738,422,506,980,676,577,894,620,946,656,509,741,857,679,528,738,629,580,810,588,950,792,4518,19791,folhas
RT7_38.jpg,3956,542,884,372,618,370,409,598,446,591,554,702,485,823,1191,533,1095,561,824,1514,940,532,640,462,465,836,756,581,633,562,367,593,619,304,455,677,466,733,1333,533,478,1076,662,1208,819,549,654,626,651,601,605,530,585,759,591,1262,740,4341,19244,folhas
RT7_27.jpg,3521,645,891,458,604,403,559,651,476,670,914,618,413,628,1170,663,917,455,706,1268,784,540,603,455,530,886,754,514,661,611,456,718,904,565,501,692,435,652,1328,804,574,936,655,1156,823,539,715,904,717,587,686,621,541,750,596,972,789,4418,18534,folhas
RT7_17.jpg,4145,644,960,434,687,478,555,691,489,645,816,720,439,551,935,716,920,474,616,934,674,547,596,443,475,733,654,535,686,640,415,607,761,542,571,770,398,469,837,591,511,914,587,844,640,462,723,814,629,486,688,556,566,720,599,943,849,4791,20421,folhas
RT7_35.jpg,3739,591,982,409,592,399,414,526,399,579,714,627,418,742,1312,585,1010,450,654,1259,872,515,651,440,492,780,703,553,577,503,391,616,697,448,508,697,468,813,1302,645,484,979,639,1446,946,557,729,780,684,589,594,529,580,840,545,1167,807,4455,19114,folhas
RT7_2.jpg,4454,671,1058,455,747,453,421,638,413,535,528,764,451,647,821,523,972,434,643,994,733,503,677,379,402,531,544,537,651,661,413,638,554,460,479,803,393,568,860,504,525,1059,533,806,669,522,786,485,496,536,718,364,515,801,471,1144,919,4762,21513,folhas
RT7_14.jpg,3472,626,966,437,569,413,537,578,432,695,1109,617,442,684,1349,775,938,460,635,1179,800,537,498,489,535,844,655,534,607,567,445,580,864,632,548,659,408,683,1197,659,554,908,727,1345,835,553,776,1131,786,536,649,602,600,727,614,1048,775,4319,18397,folhas
RT7_30.jpg,3560,575,868,421,634,442,503,624,393,655,940,571,454,643,1182,730,846,488,671,1348,857,554,593,442,503,1067,783,544,669,591,409,643,971,664,551,744,393,588,1352,757,541,925,621,1129,886,524,685,966,691,518,635,632,593,748,572,969,711,4495,18472,folhas
RT7_5.jpg,3336,552,881,421,575,412,535,558,423,691,1091,531,403,677,1466,764,810,415,603,1376,918,524,589,398,513,814,646,535,595,556,436,632,827,649,550,698,415,813,1409,686,561,916,730,1631,988,619,750,1182,835,615,673,609,579,732,549,981,710,4303,17850,folhas
RT7_16.jpg,3412,593,968,456,542,423,526,500,390,681,1092,556,415,685,1432,742,922,444,635,1299,861,517,525,507,497,887,671,534,569,576,439,658,951,587,537,646,435,733,1394,733,576,941,759,1486,893,579,782,1133,830,589,627,566,605,741,604,1049,730,4290,17786,folhas
RT7_3.jpg,4462,694,987,455,690,474,446,621,380,548,525,699,403,608,784,492,949,422,624,1035,697,526,733,399,376,567,555,544,648,689,433,719,574,480,500,772,473,644,1002,563,536,998,520,894,764,556,772,503,499,552,724,392,532,825,493,1145,788,4688,21163,folhas
RT7_9.jpg,4042,666,868,438,707,467,581,694,441,619,844,649,457,537,916,629,836,448,619,970,659,562,644,448,532,904,740,566,740,700,402,654,880,601,579,759,412,491,929,722,599,933,592,794,600,534,749,826,674,521,717,643,581,790,593,932,767,4507,19832,folhas
RT7_36.jpg,3721,539,970,393,551,401,416,555,409,555,732,642,437,741,1237,563,1022,507,704,1346,891,512,625,477,531,845,739,563,585,530,359,588,742,451,508,687,427,762,1333,654,475,968,673,1425,913,552,689,804,740,578,603,557,633,820,565,1233,804,4455,18799,folhas
RT7_34.jpg,3742,528,982,426,577,393,396,524,410,607,644,649,437,842,1327,574,1022,485,716,1478,955,533,626,452,477,780,691,549,592,500,362,573,691,418,504,714,404,767,1393,611,489,972,611,1422,917,553,696,734,674,582,580,518,590,808,576,1231,829,4461,18942,folhas
RT7_18.jpg,4232,654,923,363,683,400,512,755,420,529,788,743,467,559,1036,679,956,429,541,851,705,488,632,384,443,706,579,532,718,700,393,510,686,528,531,797,400,493,791,519,428,840,519,938,664,447,778,792,622,491,730,541,521,759,563,943,906,5013,20986,folhas
RT7_19.jpg,4151,663,975,439,667,463,520,687,478,577,725,717,426,519,826,630,908,484,610,933,642,542,632,485,502,787,668,508,695,681,411,624,729,521,535,756,436,484,851,604,514,914,589,812,624,501,725,744,621,530,733,596,567,739,589,1010,790,4865,20582,folhas
RT7_26.jpg,3395,595,848,426,566,407,533,616,448,662,1027,575,432,598,1313,732,897,451,728,1356,825,479,603,442,504,1014,826,518,656,569,418,640,1005,572,547,722,419,626,1345,786,534,905,676,1342,831,535,718,936,766,573,689,629,589,771,598,938,735,4418,18232,folhas
RT21_15.jpg,4772,750,803,353,799,364,498,948,348,352,630,870,318,423,640,565,843,334,337,619,510,475,756,359,456,670,528,465,922,997,323,328,886,638,551,786,331,345,556,589,514,822,344,592,455,484,826,664,579,484,1020,508,475,750,499,807,755,5245,22676,capim
RT21_38.jpg,5363,847,1320,346,746,367,207,643,346,312,261,840,340,515,632,411,1397,358,258,479,482,429,755,402,215,234,366,423,605,674,359,280,277,267,424,743,386,495,527,427,429,1271,307,788,514,463,823,271,452,460,627,250,447,796,420,1380,773,5897,24410,capim
RT21_32.jpg,4361,625,1579,373,684,385,299,455,351,403,457,574,335,696,1194,509,1605,339,368,1384,880,493,637,326,270,476,637,467,449,460,339,418,452,349,535,733,323,750,1268,606,510,1607,397,1570,920,485,682,422,630,484,448,319,521,633,540,1720,564,4996,20244,capim
RT21_6.jpg,5169,729,1412,418,838,339,261,613,336,346,431,736,347,489,546,455,1503,355,299,627,461,426,810,329,233,352,424,417,624,615,392,339,396,383,427,804,364,535,837,464,485,1364,281,564,590,490,792,431,461,449,683,305,472,819,427,1327,730,5607,23378,capim
RT21_5.jpg,5907,737,1278,312,766,336,254,698,360,238,313,722,365,453,395,338,1411,307,281,485,433,403,724,335,230,283,351,412,717,787,358,289,341,324,394,773,342,449,461,338,438,1194,253,469,471,480,787,297,386,412,773,281,404,779,384,1309,758,6134,24827,capim
RT21_22.jpg,5021,751,1451,392,926,335,285,586,356,340,417,652,342,489,591,467,1257,330,382,817,503,491,880,286,276,473,492,375,603,540,327,382,392,384,485,845,344,465,974,527,456,1237,261,636,559,408,776,356,465,467,624,330,481,908,456,1259,746,5435,23445,capim
RT21_9.jpg,5538,822,1451,346,739,383,236,639,382,313,275,787,371,470,673,395,1371,312,266,515,491,384,775,331,201,250,348,423,610,692,357,282,283,252,396,751,354,469,500,376,417,1396,279,644,486,414,807,276,391,431,672,251,388,731,413,1311,783,6017,24620,capim
RT21_31.jpg,4172,855,1181,290,611,353,292,499,340,552,752,843,277,533,1997,790,1067,278,260,886,724,453,597,312,278,421,562,532,507,563,292,321,450,362,460,602,361,625,1063,594,562,1145,615,1818,799,628,912,1105,862,500,583,409,467,588,556,1130,789,4531,20630,capim
RT21_12.jpg,4944,951,1467,323,684,374,230,546,344,337,330,868,314,592,1002,437,1441,310,273,758,674,407,706,361,217,332,460,475,544,555,327,325,403,313,412,746,378,572,769,469,468,1335,334,933,603,472,812,349,495,423,572,273,463,714,535,1417,811,5448,23109,capim
RT21_28.jpg,4362,774,1392,341,613,351,317,449,351,379,558,645,292,659,1091,490,1589,333,369,1132,753,448,643,338,269,648,628,455,479,424,358,394,637,408,479,677,364,680,985,617,490,1331,431,1553,902,538,799,606,707,466,509,439,532,702,526,1370,677,5027,20760,capim
RT21_27.jpg,5009,750,1528,352,691,355,281,516,335,374,407,676,316,600,867,469,1648,338,329,856,631,409,672,300,235,391,492,459,435,554,352,366,452,350,446,675,334,585,857,518,481,1431,305,1004,741,503,804,389,550,487,531,290,488,770,502,1580,722,5483,22265,capim
RT21_14.jpg,5213,692,1547,386,659,364,285,615,369,311,452,629,340,537,637,417,1651,329,319,769,594,426,702,361,238,358,459,414,542,609,347,364,374,347,447,686,369,603,842,460,487,1405,330,773,694,489,749,365,503,490,595,276,502,733,494,1595,642,5671,22680,capim
RT21_26.jpg,4547,851,1433,320,703,383,308,534,351,391,516,868,315,471,968,578,1324,327,285,725,586,385,648,361,304,413,437,477,541,587,342,373,495,375,441,664,342,558,776,552,527,1250,447,1153,692,516,975,652,668,503,621,379,447,693,547,1290,834,5166,22321,capim
RT21_2.jpg,5642,739,1468,382,746,335,246,681,357,294,262,663,372,527,529,350,1434,320,298,742,556,434,743,329,207,238,420,431,644,691,337,297,285,254,434,770,356,572,638,436,455,1351,274,599,606,408,723,256,417,458,649,220,464,771,435,1444,731,5976,23840,capim
RT21_20.jpg,5306,718,1466,329,768,394,270,625,386,309,373,669,340,548,684,468,1500,327,343,845,578,469,709,324,222,312,473,472,560,665,379,317,373,268,427,660,403,560,740,400,415,1412,297,763,623,488,726,372,490,472,644,245,459,757,435,1487,738,5671,23063,capim
RT21_39.jpg,5452,896,1032,363,797,342,315,861,340,323,432,864,333,353,502,454,928,315,258,414,387,419,800,347,298,306,389,410,808,839,358,290,352,325,445,799,381,379,466,373,462,1005,324,543,402,488,885,443,477,430,883,373,401,769,432,1031,866,5767,24810,capim
RT21_10.jpg,5345,795,1461,365,878,316,206,631,328,299,252,789,334,518,482,356,1320,333,270,747,546,429,775,315,202,235,379,374,653,611,383,318,229,204,407,715,331,644,1090,427,432,1366,277,551,772,416,760,282,336,456,647,221,445,786,436,1278,777,5929,24077,capim
RT21_23.jpg,5032,621,1535,361,723,338,286,541,369,336,405,643,333,586,801,482,1719,338,322,844,604,447,675,335,227,359,530,453,474,553,362,337,436,374,469,753,353,604,827,521,461,1465,335,1044,756,525,720,375,538,493,557,290,506,749,467,1600,647,5466,22234,capim
RT21_19.jpg,5361,703,1541,391,794,356,274,590,360,327,335,638,375,512,582,376,1622,355,350,752,551,426,689,345,212,333,456,419,561,599,382,327,309,308,444,797,328,556,784,454,463,1349,317,656,612,424,743,286,386,459,641,258,481,795,467,1470,696,5749,23410,capim
RT21_4.jpg,5396,668,1316,380,866,302,274,667,367,310,334,751,360,464,500,400,1182,360,297,687,437,475,933,297,241,395,420,405,608,621,337,348,340,302,428,856,345,460,723,445,423,1165,250,451,465,380,803,326,401,466,707,304,468,860,410,1151,751,5803,24655,capim
RT21_11.jpg,5292,782,1265,344,873,307,206,625,345,252,261,799,348,504,438,312,1243,349,309,958,490,399,833,311,226,254,385,386,649,641,379,324,286,228,357,762,334,627,1411,427,430,1168,246,500,767,438,814,291,328,392,708,257,398,858,372,1213,779,5800,24256,capim
RT21_33.jpg,4500,624,1504,327,831,317,268,517,262,326,509,633,360,580,831,548,1423,336,400,1501,674,482,789,289,228,573,612,437,509,497,343,434,460,323,508,755,286,605,1565,617,501,1414,291,972,754,467,667,466,593,505,517,325,536,753,450,1371,667,5079,21625,capim
RT21_36.jpg,5410,769,1296,371,871,318,261,694,341,263,293,748,328,439,481,366,1213,307,307,750,448,418,849,309,234,339,458,382,656,617,344,349,323,249,441,830,345,460,881,486,418,1195,217,468,493,431,784,268,364,481,686,271,483,897,371,1139,714,5857,24755,capim
RT21_24.jpg,4887,619,1496,364,702,344,315,552,327,329,409,630,351,577,809,491,1705,352,352,960,670,428,653,373,254,452,555,455,472,550,319,389,506,403,499,716,353,626,956,565,492,1471,357,1037,752,515,794,430,595,517,535,331,534,732,522,1584,652,5285,21636,capim
RT21_3.jpg,5430,967,1352,313,773,352,230,566,344,314,287,945,333,443,1025,381,1215,272,221,476,516,380,739,334,177,255,353,458,594,591,307,275,329,279,401,793,341,426,464,405,446,1266,319,728,500,441,866,330,422,416,609,240,387,701,398,1290,878,5772,24871,capim
RT21_40.jpg,5392,908,1381,329,790,370,255,558,326,320,271,847,303,469,640,411,1330,307,272,522,461,398,750,345,231,240,400,466,631,650,382,326,349,258,425,735,372,487,552,418,453,1292,312,639,500,443,843,284,441,460,625,266,425,744,477,1302,816,5832,24505,capim
RT21_34.jpg,4615,920,1281,339,635,364,263,528,292,398,438,918,299,566,1241,569,1309,317,262,756,689,397,674,350,230,307,486,485,537,599,334,334,366,296,398,644,365,571,916,452,475,1333,442,1329,668,493,986,580,624,491,625,308,448,633,518,1272,865,5170,22536,capim
RT21_18.jpg,4473,728,1429,432,845,371,273,580,359,355,448,657,345,518,684,454,1459,326,395,1206,619,512,835,374,237,557,661,435,549,552,332,437,462,333,530,794,345,559,1469,673,505,1431,251,722,689,457,615,397,501,536,543,354,536,787,473,1409,562,5155,22011,capim
RT21_8.jpg,5542,766,1500,398,784,352,230,719,382,280,281,700,380,540,509,351,1396,319,306,701,560,454,717,372,223,271,427,426,675,665,390,304,253,246,361,714,395,552,658,374,391,1377,267,558,525,435,744,273,388,472,654,251,435,741,462,1377,766,6030,23917,capim
RT21_13.jpg,4662,593,1691,353,619,332,284,428,372,363,437,608,371,791,954,500,1853,355,345,1232,909,448,581,306,230,382,538,422,449,488,377,386,437,341,508,666,359,799,1086,545,531,1536,366,1299,972,526,692,371,597,472,513,326,513,631,509,1670,633,5180,20799,capim
RT21_16.jpg,5096,955,846,334,635,344,445,1010,343,364,926,893,309,333,544,555,840,304,261,435,398,410,670,369,401,508,417,446,933,957,326,276,461,500,415,744,319,387,506,425,468,847,370,550,455,462,912,878,518,410,991,448,446,763,484,847,837,5481,23729,capim
RT21_1.jpg,5806,841,1364,336,778,365,228,705,363,265,244,771,322,495,470,350,1335,338,259,525,486,434,745,332,163,237,354,444,651,708,350,263,221,240,404,725,357,471,551,389,422,1411,261,476,494,443,730,238,357,438,703,232,433,798,411,1422,772,6128,24682,capim
RT21_7.jpg,5555,783,1196,334,752,330,276,715,357,333,357,711,364,394,466,340,1407,356,288,527,449,399,775,392,243,328,393,412,641,707,363,319,434,330,409,776,373,454,538,414,437,1208,316,560,543,483,805,299,399,434,747,304,477,864,409,1283,768,5935,24275,capim
RT21_35.jpg,4741,745,1654,409,703,354,233,455,349,324,300,687,380,600,780,395,1713,390,402,903,662,435,681,378,237,447,550,450,454,470,393,433,483,320,432,715,414,611,915,591,456,1467,400,904,718,509,797,369,504,491,505,325,510,774,472,1623,746,5377,22001,capim
RT21_17.jpg,5340,681,1524,350,739,339,242,631,336,298,294,669,339,565,670,419,1675,355,329,770,564,488,728,322,252,377,462,443,601,631,345,380,387,301,434,663,370,539,622,464,456,1381,305,797,626,473,719,280,453,410,581,284,453,702,437,1585,760,5799,23097,capim
RT21_25.jpg,4680,681,1466,383,865,346,321,563,328,395,499,631,350,530,745,506,1282,336,375,975,604,457,799,373,271,515,554,404,547,590,370,427,416,403,491,783,341,552,1214,650,492,1427,332,717,632,467,706,480,538,545,597,318,505,828,455,1311,641,5303,22224,capim
RT21_37.jpg,5119,868,1203,349,682,411,281,645,325,440,441,824,355,412,667,583,1272,351,283,483,434,373,665,419,302,346,505,501,636,701,392,296,357,344,432,711,380,404,554,473,562,1162,503,709,483,490,834,574,697,460,715,420,505,689,597,1294,790,5510,23323,capim
RT21_30.jpg,4131,535,1497,354,824,261,330,501,280,321,581,614,352,675,824,543,1322,341,461,2057,762,501,749,267,315,846,728,493,481,435,368,453,659,410,540,797,269,643,2279,748,506,1380,242,866,800,496,620,527,539,507,473,387,537,769,492,1283,541,4745,20279,capim
RT21_21.jpg,5063,879,1581,350,652,373,236,495,382,333,316,794,318,539,864,448,1610,285,267,667,559,419,675,374,198,319,444,449,478,488,358,330,328,301,440,690,372,628,778,482,513,1459,374,1076,646,494,852,333,520,473,560,251,469,716,462,1590,760,5487,22939,capim
RT21_29.jpg,4108,591,1353,379,656,374,332,570,350,439,593,584,344,734,1204,654,1535,353,510,1367,844,516,603,395,280,721,791,429,525,593,331,457,688,449,523,676,329,699,1439,680,517,1183,399,1366,882,505,738,530,687,504,625,418,584,712,496,1358,634,4815,19585,capim
