name,img_avg,img_std,img_kur,img_med,hist_0_64_count,hist_0_64_avg,hist_0_64_std,hist_0_64_kur,hist_0_64_med,hist_64_128_count,hist_64_128_avg,hist_64_128_std,hist_64_128_kur,hist_64_128_median,hist_128_192_count,hist_128_192_avg,hist_128_192_std,hist_128_192_kur,hist_128_192_median,hist_192_256_count,hist_192_256_avg,hist_192_256_std,hist_192_256_kur,hist_192_256_median,glcm_3_0_asm,glcm_3_0_entropy,glcm_3_0_contrast,glcm_3_0_variance,glcm_3_0_homogeneity,glcm_0_3_asm,glcm_0_3_entropy,glcm_0_3_contrast,glcm_0_3_variance,glcm_0_3_homogeneity,glcm_3__3_asm,glcm_3__3_entropy,glcm_3__3_contrast,glcm_3__3_variance,glcm_3__3_homogeneity,lbp_0,lbp_1,lbp_2,lbp_3,lbp_4,lbp_5,lbp_6,lbp_7,lbp_8,lbp_9,lbp_10,mcc_rp,mcc_sre,mcc_lre,mcc_gln,mcc_rln,mcc_lgre,mcc_hgre,mcc_srlge,mcc_srhge,mcc_lrlge,mcc_lrhge,class
RT19_22.jpg,0.5478737983761461,0.5884148067306219,0.6695806517941901,0.8166666666666667,0.6199865861837692,0.6409509757325976,0.718936762077576,0.15642091570496303,0.639344262295082,0.2607183998324432,0.4456198581122677,0.9308244197525373,0.04345139507693298,0.6111111111111107,0.7148876404494382,0.728158480901957,0.37798149772681755,0.1516192511208453,0.8095238095238093,0.027431906614785995,0.14835815737717972,0.35547063669776113,0.5910382362316877,0.125,0.1389147088147354,0.2975184981248086,0.07280943755003531,0.10583010812278941,0.21975154243650322,0.08845540586281406,0.224857867958667,0.025913694212051086,0.04912986597859134,0.21787088158313953,0.10859226997053227,0.26030057445384214,0.06074803353024066,0.08609919789408683,0.2297363778259959,0.7461522243305924,0.2690941385435169,0.04558716265499636,0.22274143302180688,0.3933333333333334,0.594306049822064,0.2977346278317152,0.5124137931034483,0.6114627285513362,0.724202626641651,0.41871921182266003,0.576271186440678,0.18322835086817432,0.035655697584460064,0.15633524041180658,0.19305520307094678,0.2083721491586018,0.2346199652491051,0.1832813615234065,0.2025189305749875,0.180235075401441,0.030440996611878587,madeira
RT21_32.jpg,0.4773683300089444,0.6073768278371243,0.1735797396789207,0.5666666666666667,0.14688128772635814,0.9232876712328767,0.2921599904870359,0.23848451913811075,0.9508196721311476,0.6017802911299612,0.3025200290334027,0.856710005422894,0.020715761477361025,0.38888888888888884,0.3381554307116105,0.7752452719331302,0.6391377842425926,0.07840294457133756,0.761904761904761,0.35204280155642026,0.7178062090825517,0.8994076826057853,0.3315717958841289,0.625,0.42888740600277714,0.6095040695041747,0.20503835949556354,0.3013107077533307,0.6300428012717468,0.43699372564000993,0.6211535783178508,0.26055185764272637,0.37129423641377113,0.6270383566423554,0.5138674320018266,0.6841320611554551,0.32595529882315155,0.42327043898047395,0.6845107618760675,0.46489563567362424,0.3747779751332149,0.5032822757111597,0.3037383177570094,0.5866666666666668,0.2669039145907473,0.3705501618122977,0.19241379310344825,0.08122362869198312,0.13320825515947468,0.20197044334975367,0.47457627118644063,0.2898665424475444,0.013918926507683213,0.08479406200762746,0.3195916011208054,8.957728211384136e-08,0.27059931581373764,0.2898665452558008,0.31070805774491433,1.7393825797048052e-07,0.011700235438920337,capim
RT24_21.jpg,0.2306000105484114,0.026035675214422516,0.46973246270488833,0.3833333333333333,0.057276995305164315,0.7772104273044882,1.0,0.21644678609837634,0.9344262295081968,0.9093727091842078,0.4753735980733089,0.6964748768059117,0.06708768009059508,0.5555555555555554,0.09424157303370789,0.02142903153917075,0.08264103198311634,0.9574145470111132,0.0952380952380949,0.0020428015564202336,0.10578312142228086,0.371358978218711,0.24067581498916657,0.0,0.15024381078037063,0.31359078331994633,0.023849891259024786,0.06171339773059628,0.2313212698971153,0.1204571238042141,0.27728664196023023,0.02038984143469208,0.05545957408897888,0.22125096949957065,0.10895566536126054,0.2608841222233288,0.021441899727928072,0.05257122090700263,0.21192139230828752,0.7438330170777988,0.37655417406749553,0.4204959883296864,0.367601246105919,0.6066666666666668,0.501779359430605,0.44660194174757284,0.14275862068965517,0.15260196905766527,0.17636022514071295,0.7389162561576353,0.05932203389830509,0.7837515699650763,0.02039403624026192,0.8352716214216099,0.769864441322921,0.2666667607052173,0.5957060633968793,0.7839266430668876,0.6083512434245821,1.0,0.010356141570107478,tapete
RT24_5.jpg,0.31388545245713795,0.08024436526027057,0.2143304014484998,0.43333333333333335,0.017303822937625755,0.9599695005718644,0.21373121779569781,0.24759570234811842,0.9836065573770493,0.7952874646559849,0.4846669220842954,0.6851825413908593,0.06099899705263424,0.5555555555555554,0.2269662921348315,0.20163407219662233,0.24657105336814256,0.6147508400233449,0.23809523809523725,0.009338521400778212,0.07778204936512978,0.26474103873510846,0.3407813096455988,0.125,0.24326025836545093,0.4291693724861914,0.04637056949473716,0.10698764245116611,0.3161442821296673,0.2070401035853537,0.39387262461301986,0.041942764142734186,0.10071489613139853,0.3184111366559347,0.18036502342772226,0.3624324353427074,0.04134282575334456,0.09136099167347715,0.2945308880153328,0.8431372549019608,0.42362344582593253,0.3336980306345733,0.31619937694704053,0.8366666666666668,0.5836298932384341,0.37216828478964403,0.11241379310344826,0.2151898734177215,0.3076923076923077,0.5467980295566502,0.0,1.0,0.013748150061838112,0.8987688587982073,1.0,2.855933048727673e-07,0.8467223888774589,1.0000000000000002,0.8794916656263019,1.7708380711220017e-07,0.0077649163705878705,tapete
RT21_37.jpg,0.46945784174596383,0.587537665739476,0.22961888842230505,0.5999999999999999,0.24439973172367538,0.8992909971028056,0.33193251136737173,0.2056878074916637,0.9180327868852459,0.5619227144203581,0.32382168760460495,0.8961373294544976,0.021830535664794357,0.4444444444444442,0.38256086142322104,0.7064840301884043,0.5891442616258517,0.12500543399519615,0.7142857142857135,0.2819066147859922,0.8099972443202272,0.9683866434360765,0.29338569585518104,0.6875,0.5501181702587519,0.7072418493312269,0.24040786477085338,0.36822284551108586,0.6008361190053553,0.451173636377757,0.6329811837844416,0.2162472510466627,0.3408054002821115,0.5919467480190129,0.3432441181190584,0.5390228542739448,0.20784588203163165,0.29400849072206375,0.5107640829431281,0.6247100990934008,0.5905861456483126,0.3661560904449307,0.2663551401869159,0.5833333333333334,0.4626334519572954,0.412621359223301,0.18,0.1480309423347398,0.31894934333958724,0.6945812807881774,0.21610169491525422,0.5382496808076982,0.006279678556956016,0.22297569796069516,0.5673192138395187,1.6403043021484177e-07,0.5347807424328508,0.5382496834706632,0.5854739139624161,9.592637726993304e-08,0.004426029726693949,capim
RT24_17.jpg,0.2450404023262256,0.0,0.1949971499549994,0.40000000000000013,0.02186452045606975,0.9502162325253949,0.24502929946481816,0.7719304341042568,0.9672131147540984,0.8843439103571055,0.4728251539062551,0.6932557091244044,0.057250589026198076,0.5555555555555554,0.1288155430711611,0.0,0.021939031233248363,0.7722335210873602,0.0952380952380949,0.0002918287937743191,0.15839234284136872,0.26291032309194895,0.10266563042175668,0.4375,0.2010558445878773,0.3798098496969701,0.026530598139783704,0.07264507062431835,0.2878576165280018,0.1590697958913853,0.33285245303095445,0.0232152422570419,0.06591063907272146,0.2668247145674141,0.15773415650215544,0.33264507171486757,0.025833647946146496,0.06649858898255177,0.27679197598497496,0.43790849673202614,0.16785079928952046,0.337709700948213,0.49221183800623053,0.715,0.2277580071174377,0.8478964401294499,0.3027586206896552,0.19971870604781994,0.12945590994371484,0.22660098522167482,0.07627118644067798,0.7095697673228991,0.02568767275935348,0.7852854349357294,0.6818140445694468,2.3825343715855584e-07,0.568593397401826,0.7095697627967162,0.5508974690860482,4.0569498718815155e-07,0.014158809010480774,tapete
RT3_16.jpg,0.3954869744889695,0.902604737251026,0.11052911990061964,0.6166666666666669,0.8867873910127431,0.7301020901577353,0.6845310818040001,0.17620910514513102,0.7704918032786886,0.46608021782385595,0.22762601089253387,0.9679128669326045,0.004679029337784191,0.33333333333333304,0.359246254681648,0.8633181053511727,0.6226555722369164,0.0696287181177625,0.8571428571428568,0.3580739299610895,0.5486939780579689,0.6634143439634944,0.30809242600917214,0.5,0.5137797293132587,0.6791425171791383,0.5501767031466881,0.6151409054610139,0.4917813416362191,0.5528654438189656,0.7130052940358089,0.6779588627574947,0.7440853214096346,0.517770692581514,0.4799542643946933,0.6574099652063902,0.6789428667134958,0.6799885497708591,0.4908597256286933,0.6029938857263336,0.5346358792184724,0.30342815463165573,0.42990654205607476,0.41333333333333333,0.46619217081850534,0.3673139158576052,0.17103448275862068,0.10126582278481013,0.2326454033771107,0.6995073891625615,0.18220338983050843,0.6078020475869083,0.0026453565212839116,0.16543511935693672,0.6500734251250919,0.15737739014494495,0.5718753128734723,0.6078020519107469,0.627462409711969,8.534719542842386e-08,0.0030689119362861663,rochas
RT8_23.jpg,0.47845049857637445,0.25587018715630183,0.6338394591356539,0.5833333333333333,0.044131455399061034,0.8848971049877923,0.4544356351571941,0.4631459314787842,0.9180327868852459,0.5770656613257933,0.5481691563102689,0.6498122092784806,0.0888895306981219,0.6388888888888888,0.4117509363295881,0.26702173315668176,0.370105659279618,0.8821158219501825,0.2857142857142856,0.2355058365758755,0.6888177229851671,0.7299898043717039,0.2884691080267386,0.6875,0.09916348589956142,0.2359832048636325,0.04041861200723083,0.06407413602790858,0.19057639181447125,0.07159257119930337,0.19392523336250791,0.015491204048914872,0.03292969848318421,0.18943624559627684,0.08273819354224557,0.21630168441743783,0.04312696345609223,0.06344809529235662,0.19703952785711484,0.8115117014547754,0.436056838365897,0.16338439095550694,0.22897196261682246,0.5733333333333334,0.800711743772242,0.23786407766990292,0.4027586206896552,0.40822784810126583,0.36397748592870544,0.6206896551724138,0.3728813559322034,0.29483250622576906,0.04348317377629311,0.30639164401178476,0.28842327351558184,8.966342229160787e-08,0.33179960939101194,0.2948325043163159,0.3023132640977671,5.31843890412875e-07,0.03243270355081384,tijolos
RT22_38.jpg,0.858814167335507,0.09909689101275121,0.09538048374080388,0.8,0.0,0.0,0.0,0.0,0.0,0.02808671065032988,0.9602714126660259,0.09103890486495694,1.0,0.9722222222222219,0.9716526217228465,0.5582654140281349,0.7609108617518664,0.22477943731321648,0.33333333333333304,0.49046692607003894,0.20112597817481337,0.3704299772235184,0.6722848380183607,0.1875,0.0017422771035962327,0.007068105933468349,0.0002726013074739798,0.00011071913697665702,0.006344124898313874,0.001581790340413539,0.007094353767009509,0.0005331747886418905,0.0005443328634082423,0.007260036356745311,0.001767799334102066,0.008092037056838197,0.0004529473267258933,0.00043965321739328905,0.007729519561157611,0.5823318574741724,0.45293072824156305,0.2512764405543399,0.191588785046729,0.6083333333333335,0.6334519572953736,0.24757281553398058,0.12551724137931033,0.16068917018284107,0.32082551594746717,0.5467980295566502,0.5042372881355932,0.10172461719186585,0.7012138294919107,0.5081362934633996,0.07425920549305595,2.7761642335557177e-08,0.41087403326988603,0.10172461493135157,0.2194216043851981,7.313538184897069e-06,0.6173121497254141,piso
RT21_28.jpg,0.46233930411642143,0.712148624303012,0.13376737921533,0.5333333333333334,0.2470824949698189,0.9165732187038323,0.2899487727831538,0.2368976040169927,0.9344262295081968,0.614744999476385,0.2667654981050678,0.8817646949507771,0.015213268894017085,0.36111111111111116,0.2820692883895131,0.8334105372704901,0.6872897856797605,0.04173530220337418,0.8095238095238093,0.45223735408560317,0.7367348938401008,0.8527433469018777,0.3018810848418658,0.6875,0.39891971499460993,0.5833624573798055,0.23654427427454902,0.32154746981719534,0.6017188058594396,0.39985336607594013,0.5892644206041778,0.2802682434522077,0.37906106794382005,0.6196466126204933,0.41583580469119685,0.6042510841225673,0.333709208603783,0.4097806193448137,0.5998517990101924,0.46510647269660554,0.5071047957371226,0.4350838803792852,0.25389408099688476,0.4683333333333334,0.2846975088967971,0.31553398058252435,0.20482758620689653,0.0791139240506329,0.1876172607879925,0.29064039408866993,0.44067796610169496,0.3028219700806305,0.014891085080146884,0.07566103221963494,0.32619465595962416,1.0613256694068287e-07,0.29588373782009125,0.30282197220430696,0.3287739246727042,2.2932776094033395e-07,0.011969955990928875,capim
RT22_18.jpg,0.8984423057951494,0.05990984473208272,0.12965477649625656,0.8499999999999999,0.0,0.0,0.0,0.0,0.0,0.0,0.9517485549788534,0.11958780704260799,0.5172634153723324,0.9722222222222219,1.0,0.6596477779608154,0.6747327037217014,0.25967698808039563,0.42857142857142794,0.5031128404669261,0.2010146600591156,0.41798048276848393,1.0,0.1875,0.0049207039964830855,0.01924132202814044,0.0005609909612213043,0.001130891203122492,0.01529016799103633,0.0036507508988081906,0.01588366629398902,0.0003020871124828407,0.0006561480284729866,0.014779950875442663,0.0038444794006349987,0.017047357057487444,0.0001751500326463559,0.0007426454807760666,0.015098382015483164,0.5736875395319417,0.4200710479573712,0.26002917578409923,0.2554517133956386,0.6,0.590747330960854,0.21682847896440133,0.17448275862068965,0.1659634317862166,0.32082551594746717,0.5024630541871921,0.47457627118644063,0.11632285626068403,0.7181257082653367,0.5673376787111684,0.08578325639884574,2.7672141843818596e-08,0.457976961960639,0.11632285358608038,0.2492878857359011,7.105154832052147e-06,0.6657846697297802,piso
RT8_7.jpg,0.3291311853380372,0.5540563424914364,0.3971527581808776,0.31666666666666665,0.04426559356136821,0.9037257824143071,0.4265757742133752,0.5994354473109881,0.9508196721311476,0.9023772122735365,0.35569956822381377,0.6768955708283103,0.029109957414161405,0.4166666666666665,0.0,0.7663119293614145,0.78224410695782,0.0,0.7142857142857135,0.43560311284046693,0.7351467152557731,0.6371687164338607,0.22839355459989769,0.875,0.052997112149875486,0.14947146463968397,0.04854234398669258,0.056461188319107056,0.13260879338569354,0.03643127747644744,0.11770097231328228,0.0065884913106170305,0.01507621041087121,0.11865015976596444,0.043494053087304196,0.13618082046106747,0.053678168315397644,0.059046640232838093,0.12864477436704336,0.5509171410499684,0.3685612788632327,0.17687819110138586,0.3598130841121496,0.41666666666666674,0.7829181494661921,0.2928802588996764,1.0,0.3189170182841069,0.34146341463414637,0.40394088669950734,1.0,0.03135123892430139,0.11902037195578334,0.04659356796961636,0.04936688777235343,3.9596697995633754e-08,0.0,0.03135123971416723,0.0,2.392770702213617e-06,0.06081157627378532,tijolos
RT21_16.jpg,0.39930544453763117,0.9417711204416417,0.12448691679818014,0.5000000000000002,0.6673373574782026,0.853282807480023,0.43102806888973955,0.22637344192023534,0.8852459016393444,0.5767514923028589,0.17219126828570008,0.9429977973951027,0.004902400585078362,0.25,0.2245084269662922,0.8347540399958024,0.6782805834838784,0.04489323552092228,0.8095238095238093,0.5631322957198444,1.0,1.0,0.2153768934252928,1.0,0.7200137473252569,0.828058955820542,0.5989171829462456,0.685909234084684,0.797994600002962,0.6161108258631863,0.7591856289960284,0.49060790548034333,0.610702715712669,0.8233954961797639,0.6877287645163298,0.8093203936636605,0.6388746110836575,0.7020982543419371,0.8474493899651204,0.6198608475648323,0.6678507992895204,0.23595915390226113,0.24299065420560745,0.505,0.5480427046263345,0.3042071197411004,0.2931034482758621,0.27637130801687765,0.549718574108818,0.7733990147783251,0.39830508474576276,0.35054051485896154,0.007500261288210656,0.052367802181583656,0.383693642398402,1.65961363664673e-07,0.3177105556021055,0.350540517984136,0.36790167497125476,2.0133156196714057e-07,0.00568701414736915,capim
RT8_3.jpg,0.5164072878040971,0.14933779301965278,0.5607702184984705,0.6333333333333335,0.02012072434607646,0.9265573770491804,0.34209274546255614,1.0,0.9508196721311476,0.5239501518483611,0.6089428940204495,0.6010889169537591,0.1338839217246917,0.6944444444444442,0.4947097378277154,0.3249932776996154,0.3084740546476469,0.7484095938654064,0.3809523809523805,0.154863813229572,0.5631597771325136,0.6244119109462622,0.30642276810782487,0.625,0.11068517505150127,0.25476210856914494,0.029707175178784132,0.05573644536022697,0.2258697518446718,0.06732385311915791,0.18562753261928364,0.00887976663254367,0.02077970234108855,0.2071531890999256,0.08427444646682548,0.2190691063084151,0.029564617180803096,0.0514045077683804,0.21343809846002262,0.7107316044697448,0.3046181172291297,0.12180889861415026,0.15887850467289721,0.32166666666666677,0.6690391459074734,0.2200647249190939,0.5399999999999999,0.4813642756680731,0.4090056285178236,0.4334975369458127,0.5550847457627118,0.15457478072636968,0.082520400110957,0.22798487967053177,0.1507508068655821,5.2891726038717856e-08,0.21272812636148775,0.1545747786811746,0.15523953161331133,9.422118337716674e-07,0.06787783870809634,tijolos
RT8_36.jpg,0.4749796341887662,0.12630541527218841,0.5775007653988534,0.5999999999999999,0.05902079141515761,0.8726527570789866,0.4010857638179683,0.3319239466489619,0.9016393442622951,0.5526023667399728,0.6087127716431104,0.6203228614344853,0.14636405002438474,0.6944444444444442,0.4696629213483146,0.26255198978763694,0.3424994417584638,0.7656017448323212,0.2857142857142856,0.09766536964980546,0.3799768078428283,0.527333049740721,0.45844209924057405,0.375,0.12320404326677595,0.27424432301382434,0.03479653334974998,0.0696217400756935,0.1970322920454667,0.07007500875895356,0.1909992462167359,0.02432200903721196,0.04851073546312243,0.1552546951369829,0.10910056948211723,0.2611165722409592,0.03753561242352841,0.06993137685191478,0.2064765302942874,0.7432005060088552,0.5923623445825932,0.2461706783369803,0.4174454828660436,0.765,0.6583629893238434,0.2038834951456311,0.15517241379310343,0.17686357243319267,0.22701688555347094,0.26108374384236455,0.19067796610169496,0.4683539555951193,0.052410866395398575,0.5446859690485395,0.4364674680254048,1.3583735095146179e-07,0.542463492024835,0.46835395169182914,0.4845959085876937,6.469635739326662e-07,0.037662664127404974,tijolos
RT22_3.jpg,0.8362258114146375,0.18176248906508574,0.07083925837425753,0.7333333333333332,0.0,0.0,0.0,0.0,0.0,0.07198659545502148,1.0,0.0,0.7121772176978124,1.0,0.8862593632958802,0.43559888957880943,0.8556350313738862,0.25109832916695074,0.14285714285714235,0.6414396887159534,0.2419554547365408,0.39936489282976223,0.5430450969749594,0.25,0.009037775628558405,0.03386996762038222,0.0,0.0,0.03080372000493363,0.007714067105511977,0.03183352650989668,0.0,0.0,0.031979150276767856,0.007777863251921053,0.03270056868811863,0.0,0.0,0.033602002905240264,0.30234029095509174,0.20959147424511548,0.475565280816922,0.4065420560747664,0.2683333333333334,0.2882562277580071,0.4854368932038835,0.2303448275862069,0.06434599156118144,0.11257035647279551,0.42364532019704426,0.6228813559322034,0.0456531010580043,0.7821172691186167,0.43493397372598497,0.03382574169408789,1.979624798134791e-08,0.3145073465595958,0.045653098922087076,0.12850013880972977,8.423337922452602e-06,0.6701435237500526,piso
RT19_7.jpg,0.5887275747208709,0.39992448855310814,0.7259289724384189,0.7833333333333334,0.2698859825620389,0.6641299742528435,0.9061777989504319,0.12655454674605782,0.7540983606557378,0.34204628756937905,0.49238442676392147,0.8538446179870562,0.06658436587513565,0.6388888888888888,0.6832397003745319,0.7258922884397219,0.4812300017665999,0.10329369845017289,0.761904761904761,0.03511673151750973,0.04663745941315689,0.26912368768443146,0.7329910668505084,0.0625,0.29778535641140513,0.4873808366788917,0.10827154204326407,0.16724112346398068,0.44728264598927037,0.1363695859779529,0.30103654664130375,0.02174054845276504,0.055340003832715284,0.32841168948844257,0.21888508957672043,0.4093955257662797,0.10029698083169539,0.1453643570788731,0.4166521125481203,0.7408812987560615,0.16163410301953818,0.0,0.1386292834890966,0.11166666666666669,0.35231316725978645,0.22491909385113273,0.6579310344827586,1.0,0.525328330206379,0.13793103448275856,0.4915254237288136,0.20767966565334992,0.03778400781223769,0.17901719781310904,0.20823414748035848,0.18461542333251646,0.29880435198056343,0.20774646133278415,0.23483767458132915,0.27820655244358766,0.03799408203120104,madeira
RT19_39.jpg,0.4911793697133273,0.4788460308627298,0.7821182365329958,0.7,0.47753185781354796,0.6033477620187879,0.7741503452949977,0.15244745231914222,0.5901639344262295,0.37876217404963874,0.5372712344421533,0.7884007201758306,0.09766038206251908,0.6666666666666665,0.6086610486891386,0.5667599290218579,0.4011626074829867,0.1731032786205179,0.6190476190476186,0.023929961089494165,0.23429207919432038,0.6953918794506756,0.9164860523377641,0.125,0.16206510706791072,0.32979810057545933,0.014322898999534312,0.04517624502468991,0.3434557625142932,0.23278094989161158,0.4238950499915153,0.14040240122276257,0.18218393021771398,0.3915922068315002,0.21936386809793884,0.40995376212554024,0.15297144475563595,0.17801284395461445,0.3919643746994881,0.7385620915032679,0.18650088809946713,1.0,0.052959501557632405,0.010000000000000009,0.0,0.1456310679611651,0.0,0.006329113924050625,0.0,0.19704433497536944,0.09322033898305088,0.7514491876292797,0.010212458338463383,0.5276328576316445,0.7721795672550431,0.673267340642325,0.7838399436053232,0.7514653108592216,0.8094790174657829,0.038366430382774964,0.010700098459481323,madeira
RT19_32.jpg,0.5161905808157203,0.4983116453221219,0.5645917436028188,0.7166666666666666,0.3538564721663313,0.6108204178525709,0.8590517068555008,0.12602627896406615,0.5901639344262295,0.4154990051314274,0.44045198231476457,0.828031534627247,0.052122750907839674,0.5555555555555554,0.5853464419475656,0.7309647837359137,0.51173775394971,0.10559170292516129,0.7142857142857135,0.039883268482490276,0.0835046506985524,0.3264734409652113,0.842595239918145,0.0625,0.2587901223614344,0.44631972161821837,0.11590634524649547,0.17550608091118314,0.3719843852395911,0.14489501356216997,0.31324810558726535,0.04247098197525674,0.08764646440886763,0.308491401973492,0.2309098553056598,0.4232467646317205,0.11731554742696632,0.17169777177243517,0.40227011272008906,0.7535315201349356,0.24511545293072823,0.004741064916119628,0.18068535825545173,0.08833333333333337,0.4839857651245551,0.197411003236246,0.5537931034482758,0.9567510548523207,1.0,0.3054187192118226,0.39830508474576276,0.2856008496618757,0.030847504994481672,0.18137662055474385,0.28601719411794624,0.37456643809058493,0.3436469424544062,0.2858361368416307,0.29640661556154807,0.9631510877428628,0.03167552234168336,madeira
RT7_6.jpg,0.40158619677595775,0.7308608391793161,0.16921759901060018,0.5999999999999999,0.6933601609657948,0.7610946722104349,0.58523766297508,0.17212554295803065,0.7868852459016393,0.48815582783537553,0.29853597418691,0.9438869000734722,0.01291781975173166,0.4166666666666665,0.3928838951310862,0.7102335359712129,0.5769295094155392,0.1437895837983154,0.7142857142857135,0.2560311284046693,0.42245978971793186,0.5336502377594803,0.4472489924576514,0.4375,0.1356041918133451,0.2927139742843869,0.06193083511205076,0.09672916380306479,0.30137024008610347,0.121461662451064,0.278825883330041,0.06784925047848987,0.1085825388923846,0.3031005841904383,0.1195603680564861,0.27754965629043915,0.09272230760840408,0.12563374418470333,0.3008780218228888,0.2397216951296648,0.3490230905861456,0.23231218088986144,0.4408099688473521,0.43000000000000005,0.2918149466192171,0.47411003236245963,0.38206896551724134,0.110056258790436,0.19887429643527205,0.2561576354679802,0.6398305084745762,0.14175145985579865,0.0427564115582897,0.02743533937866341,0.14957547495563997,0.003478397162087504,0.1504238929894715,0.14175145910756268,0.10838949774028983,6.787397168199029e-07,0.03992110233796489,folhas
RT19_26.jpg,0.5585110234991815,0.382753466850807,0.6794786873527189,0.7500000000000002,0.3437961099932931,0.7470049826343361,0.6917753773506146,0.2409075121294141,0.8032786885245902,0.3464237092889308,0.5293136805796563,0.8281327724835068,0.091897178120857,0.6666666666666665,0.6621488764044943,0.6205937129342356,0.4269991224160986,0.2012894817739348,0.6666666666666661,0.04883268482490273,0.15114151806674592,0.3623877472643857,0.6360304841002782,0.125,0.24061613077364266,0.42619925779590156,0.10122772907020837,0.15548194871764137,0.33836275555465334,0.19714987460065625,0.38187726698783675,0.09880729598011978,0.14984147296147776,0.3243081784165941,0.18916414316736221,0.3735428395786782,0.07820754452286274,0.12452769129607658,0.3455380356159031,0.8304870335230866,1.0,0.14478482859226843,0.0,0.8083333333333335,0.9999999999999998,0.0,0.027586206896551724,0.11251758087201126,0.3302063789868668,0.8866995073891625,0.07203389830508478,0.795127064520719,0.011440484885342658,0.5851331593933907,0.8099882734340323,0.30000007761009506,0.893787293202138,0.7951270662727795,0.9123735023850845,7.008549577983264e-08,0.011720104296755574,madeira
RT24_14.jpg,0.2840402818119987,0.025205626621391253,0.28764256587841985,0.41666666666666674,0.028437290409121393,0.9473399319517477,0.2440866901637409,0.4407718621279168,0.9672131147540984,0.8453031731071317,0.5073695551789048,0.6737360591475539,0.07354199660950085,0.583333333333333,0.17010767790262177,0.0887583758216941,0.1611736981052515,0.865601682463511,0.14285714285714235,0.005252918287937744,0.11752843597165707,0.32890796132664946,0.3085317909623267,0.125,0.17394695075965022,0.3455639674293773,0.030281277477608958,0.07392516886780974,0.25002464222508136,0.13971867999524598,0.30587367099683993,0.025430907258331206,0.06557189347276364,0.2433681716990981,0.12499960814269886,0.2858413131522919,0.026595560026679434,0.061993818271483495,0.2285047419118765,0.8768711785789584,0.4884547069271759,0.3887673231218089,0.28816199376947044,0.6550000000000001,0.5693950177935942,0.3349514563106797,0.11034482758620688,0.16912798874824192,0.24390243902439024,0.7290640394088669,0.0,0.9831203331424718,0.018814898247209458,0.9999999999999999,0.9712628609744433,2.9232020165298e-07,0.8106998796398117,0.9831203320467522,0.8286377798954025,2.535164244017106e-07,0.010709919873668733,tapete
RT19_17.jpg,0.5316379905660042,0.3544160859702543,0.8946829355124094,0.7333333333333332,0.3745137491616365,0.6886302785476068,0.720641982800561,0.17392156266472675,0.7213114754098361,0.3412503927112787,0.559569664977511,0.7911543419638354,0.1160246124772812,0.6944444444444442,0.6714653558052435,0.5254130130528143,0.30798119965458326,0.22831012632646408,0.5714285714285712,0.011867704280155643,0.07228191935393191,0.2909870847932683,0.6045243091892983,0.0625,0.20499413149645163,0.3846054862470006,0.09048174998362352,0.12954939906629329,0.30095280832589144,0.09712304047760319,0.2397756002612532,0.009205597925263473,0.031715079800030944,0.2435582928668171,0.15842755237163123,0.3335858835912545,0.08266831060865817,0.11273026970065655,0.2967610579134461,0.7596457938013915,0.14120781527531084,0.010576221735959165,0.11526479750778817,0.033333333333333326,0.38790035587188615,0.1634304207119741,0.7048275862068965,0.9743319268635725,0.45590994371482174,0.4433497536945813,0.44491525423728817,0.22339671896360905,0.04392706499912452,0.25492942069923824,0.217608865577582,0.17391307287139357,0.3039119908513125,0.22348520484699783,0.23347327627252734,0.44225622328505576,0.03977837651862556,madeira
RT21_15.jpg,0.2619902774259364,0.908664813759136,0.09277875990953688,0.3666666666666667,0.959758551307847,0.8285206951461207,0.4624255747203709,0.19936524462398603,0.8524590163934427,0.6115404754424547,0.12982185991490391,0.958471946188145,0.0017486580630379778,0.1944444444444442,0.17834737827715358,0.8209424659665192,0.65517157181069,0.06289165653096562,0.8095238095238093,0.3813229571984436,0.8003997058570747,0.8478473453021362,0.26795247008855994,0.8125,0.7011591990261601,0.8153903690367008,0.5047518195106316,0.6116024312357916,0.8349522761402518,0.5198207190873722,0.6878514620615325,0.3945857566227703,0.5132066428608895,0.7597655497464804,0.5452696011657336,0.7081203722772601,0.5274297815754028,0.594032654356197,0.7070286423879142,0.5515496521189122,0.4857904085257549,0.22027716994894236,0.2725856697819315,0.7783333333333334,0.398576512455516,0.3365695792880259,0.32965517241379305,0.2545710267229254,0.47467166979362097,0.4926108374384236,0.4661016949152542,0.29678878373679873,0.010163299600914916,0.03473226517789191,0.32767568496928845,1.9171939996904602e-07,0.20151672653693997,0.2967887865179514,0.2536651916032457,3.7964151802134796e-07,0.004970388020123488,capim
RT21_20.jpg,0.2937762463452902,0.9718672599170164,0.09506508388250945,0.40000000000000013,1.0,0.8184319028927663,0.4986302412349188,0.20603560027581108,0.8524590163934427,0.5845638286731595,0.14707525962408985,0.9741203229516477,0.0,0.22222222222222188,0.17989232209737832,0.8265798266304678,0.6786664251878723,0.04177331481225732,0.8095238095238093,0.471011673151751,0.8802400521484017,0.8845369762293792,0.23911927611493064,0.875,0.9999999999999999,0.9999999999999998,0.7621986176280643,0.8667912482287883,0.9999999999999999,0.9999999999999998,1.0,0.8274199381638246,0.9602723457163249,1.0,0.9999999999999999,1.0000000000000002,0.9680009536058428,1.0,0.9999999999999998,0.6641366223908919,0.4573712255772647,0.46207148067104303,0.23520249221183803,0.7266666666666667,0.40213523131672596,0.3851132686084142,0.17241379310344826,0.14099859353023908,0.2701688555347092,0.5270935960591133,0.23305084745762716,0.5418309652727521,0.0017923994034702902,0.11332166297999308,0.5900541781218899,3.050011863012119e-07,0.437149354093918,0.541830970294743,0.5177555853170184,1.5871408013947104e-07,0.00010268958211031957,capim
RT22_14.jpg,0.8019147825046136,0.3030493806057428,0.0,0.6666666666666667,0.0001341381623071764,1.0,0.0,0.0,1.0,0.2523615038223898,0.9677469778364638,0.0317403714475088,0.41655807842580866,0.9722222222222219,0.6180945692883895,0.36212188506033804,0.9999999999999999,0.26183703107276113,0.0,0.9179961089494164,0.20197241073886296,0.32949335344184155,0.3862807660343406,0.25,0.005896569078971452,0.022815265007358726,0.0018798579238475418,0.0018112538281410675,0.018980647881760473,0.004918094594809292,0.021029189403077686,0.0007549544704440426,0.00026688469055335257,0.020470641041922255,0.004995702307260326,0.021791008720026595,0.0020098566672972426,0.00148550209355988,0.02080597730829971,0.48682268606367274,0.40230905861456484,0.225018234865062,0.32087227414330216,0.4716666666666668,0.6512455516014235,0.34304207119741104,0.2158620689655172,0.17967651195499296,0.2776735459662289,0.6009852216748769,0.5169491525423728,0.08295873939289358,0.7651470448798545,0.5278993089328662,0.05955842864677324,3.2940633076089204e-08,0.3795067996615964,0.08295873642055149,0.18557328228580938,9.324208999981907e-06,0.5820551656178908,piso
RT3_27.jpg,0.4399974421470225,1.0,0.10124714224996978,0.6666666666666667,0.9259557344064386,0.6864608640101831,0.7886608948051946,0.15166572607748335,0.7377049180327869,0.42902921771913294,0.21601811494628897,0.9830600878111551,0.0022329399104696473,0.30555555555555536,0.36594101123595507,0.9854703626110659,0.6739688671827168,0.016715097553014813,0.9999999999999991,0.4739299610894942,0.5109147245725154,0.5990789693767866,0.3144714655020361,0.5625,0.5503683697329181,0.7074321611542549,0.2507778926700056,0.3654026142704138,0.7818356799387097,0.4192718919363474,0.6061076836182278,0.30055042514231256,0.40326766675721337,0.6387081838283232,0.4163326082347177,0.6046776648306641,0.35321379119051294,0.42079059067283175,0.661022900674938,0.5205566097406704,0.47335701598579044,0.2910284463894967,0.3785046728971963,0.43666666666666676,0.5088967971530249,0.3689320388349515,0.20551724137931032,0.1378340365682138,0.18386491557223264,0.38916256157635465,0.30508474576271183,0.41714172939946303,0.008998818568871896,0.082641000709967,0.4387249845727116,0.43973526245243616,0.4385021526749522,0.4171956448866557,0.46636615064236914,0.20529961938852123,0.006838662610151011,rochas
RT3_26.jpg,0.4243849743627157,0.943702419288067,0.07800813736728218,0.6500000000000001,0.9306505700871898,0.7467286363056392,0.6864568851395915,0.20391838765123943,0.7868852459016393,0.4348308723426537,0.20783106948139496,1.0,3.659874265617147e-05,0.30555555555555536,0.370997191011236,0.9366802704813377,0.63298732007568,0.04896650768689004,0.9523809523809517,0.42256809338521406,0.45586287659867075,0.5559427914413846,0.3718737082003837,0.5,0.4638319362487469,0.63890603985718,0.30844300365652194,0.40128869756064084,0.598180873306902,0.4239401434320441,0.6101003665117236,0.4305928489112012,0.5170734462685368,0.5356473236413886,0.38399358517969756,0.576376008009153,0.4176436761087308,0.4666021388981629,0.5449946703479874,0.5026354627872655,0.4671403197158082,0.3056163384390956,0.42990654205607476,0.41166666666666674,0.33451957295373663,0.28802588996763756,0.19310344827586207,0.09634317862165963,0.1876172607879925,0.5320197044334974,0.2838983050847458,0.44768346759965927,0.00738558866199962,0.10083104208881799,0.4737082796890747,0.18082215777600452,0.4488453088618144,0.44769462181453334,0.4824351059054472,0.026541471176395253,0.005956638482452211,rochas
RT19_11.jpg,0.5988988661551509,0.37261021018288365,0.9999999999999999,0.8,0.32850435949027496,0.6479794362369385,0.7895406807689938,0.16639877072620415,0.6721311475409837,0.2832966802806577,0.5516541646370161,0.8002344149257692,0.10482970907704973,0.6944444444444442,0.7386938202247191,0.6464408499720022,0.38616001254816845,0.20816117056849737,0.6666666666666661,0.03501945525291829,0.10884688075764615,0.3021547451502184,0.43449491690107084,0.125,0.09525836566678,0.22941232688149404,0.008202740563733315,0.029086981401445024,0.20093471955846495,0.11255881319647827,0.26497982856775115,0.07756495425701232,0.10637990557830722,0.18834260320558813,0.10797500669365837,0.2593073790299343,0.08390956384994719,0.10336371388160867,0.19261554624984237,0.7590132827324477,0.14031971580817054,0.9835886214442013,0.08722741433021808,0.040000000000000036,0.028469750889679707,0.1262135922330097,0.007586206896551723,0.0,0.011257035647279548,0.2068965517241379,0.05084745762711862,0.8409924350661837,0.015587794945235583,0.6943412948364659,0.8468895811230147,0.6329669485908154,1.0,0.8410103284296157,1.0,0.04258248155762821,0.016434319378899512,madeira
RT24_36.jpg,0.3204046982512323,0.047885541226952544,0.222165516521873,0.46666666666666656,0.030315224681421865,0.9412447410416367,0.2550114908481496,0.2347197987731443,0.9672131147540984,0.7580270185359723,0.4973529879096654,0.6988895716506085,0.06744677428711938,0.583333333333333,0.2679307116104869,0.11144516772915836,0.11650752868335812,0.7762781811316989,0.1904761904761898,0.0027237354085603116,0.19134166275179965,0.43393407023086145,0.4297135186485301,0.1875,0.18159348201472325,0.35545453724904147,0.011152541573399443,0.04386866359723758,0.3358400070415084,0.1409762259336529,0.307676425321341,0.008051499862799379,0.03589932383675333,0.3215347458748946,0.13520874704373814,0.3009783128838842,0.00870106238788164,0.03607407742822934,0.3180059031652577,0.9999999999999999,0.5532859680284192,0.27571115973741794,0.06697819314641745,0.765,0.6690391459074734,0.17637540453074435,0.06275862068965517,0.24507735583684948,0.36397748592870544,0.9999999999999999,0.11864406779661019,0.6219611623964804,0.027137282520107688,0.6478888252014534,0.6002477223712521,1.951168967553914e-07,0.5471715854884023,0.6219611589037758,0.5337117368959505,4.292032592062661e-07,0.015652082066640777,tapete
RT7_30.jpg,0.32592731051870594,0.7474832238809199,0.22491504614364854,0.48333333333333317,0.7149564050972501,0.7340540706794204,0.6853656179563881,0.17652554562897488,0.7704918032786886,0.589066918001885,0.30652960494420345,0.9217365908020316,0.01663575777434273,0.4166666666666665,0.26912453183520607,0.6191226795564386,0.5807825188346364,0.174593847905387,0.5714285714285712,0.2859922178988327,0.660691991612941,0.6989106201291116,0.2906569982329274,0.6875,0.161431810037311,0.32894348427072007,0.09520799251607107,0.13500013004799932,0.33856597386632237,0.11633189071385315,0.2709049864330364,0.08173533256617839,0.12325573808349541,0.27282584544900423,0.13110654329501165,0.29496012292428375,0.12776792253839067,0.16202883357154324,0.2913863784090185,0.29601518026565465,0.33037300177619894,0.24398249452954052,0.3785046728971963,0.5033333333333333,0.3096085409252669,0.46278317152103565,0.333103448275862,0.1406469760900141,0.19136960600375236,0.20197044334975367,0.7754237288135593,0.10983095144845453,0.038452812275427045,0.0,0.12739021714006163,0.01832076616267958,0.07072607114062296,0.10983095207269852,0.0641867307303911,1.0019204632594582e-06,0.031760210926146525,folhas
RT22_17.jpg,1.0,0.1286414238221989,0.046584086957847326,1.0000000000000002,0.0,0.0,0.0,0.0,0.0,0.0008796732642161464,0.9717033109532718,0.04915028180135528,0.7425777642742087,0.9722222222222219,0.8794475655430711,0.7799869361239615,0.5709898037619231,0.29340801361411173,0.7142857142857135,1.0,0.2941639834609564,0.3840957538093382,0.28919615960619516,0.375,0.016057142775854957,0.0565322545280893,0.0031722717008604187,0.006387226219555365,0.05472172889413082,0.012243574159733822,0.04801600371293813,0.0011339484930953355,0.002975429604198776,0.05222127992172387,0.011689069797039136,0.04693196790977197,0.00490360159232371,0.008535250069793134,0.04759943770823616,0.24077588024457097,0.26376554174067496,0.2676878191101386,0.2897196261682243,0.29666666666666675,0.4128113879003558,0.37378640776699035,0.313103448275862,0.12834036568213786,0.18198874296435272,0.29064039408866993,0.8177966101694916,0.0,0.9999999999999999,0.1656300997577661,0.0,0.0,0.2714467395873581,0.0,0.08973800709820207,9.279610779564715e-06,0.9999999999999999,piso
RT7_7.jpg,0.5850140422302621,0.7996994015061565,0.19125363360890335,0.8,0.5856472166331321,0.7644878832708786,0.5670139281396624,0.19059952235194827,0.7868852459016393,0.3644779558068908,0.31437337845275604,0.948501548745728,0.016182836599187678,0.4166666666666665,0.4947565543071161,0.9460335718438664,0.6466469728009044,0.05294719987521357,0.9523809523809517,0.4852140077821012,0.47587196386050756,0.6210063152028901,0.44016304007604096,0.4375,0.15465785230693876,0.31970676714851337,0.07580634383517468,0.10951793728595939,0.3490772525583067,0.13302047551181942,0.296145619903901,0.08028923379203978,0.11724553204000121,0.3418822089068131,0.14048716340688006,0.30860186648194676,0.1131871426723556,0.14195532134179922,0.362171259027135,0.2719797596457938,0.3641207815275311,0.24215900802334062,0.3364485981308411,0.3916666666666667,0.33451957295373663,0.37540453074433655,0.3351724137931035,0.11638537271448664,0.18949343339587243,0.2216748768472906,0.6864406779661016,0.12614675929071925,0.04252090816815743,0.012245607018983529,0.1366195620668865,0.019917099738063104,0.20187530245634933,0.12614675883881785,0.14398329821119543,4.895744815097364e-07,0.047592079362782695,folhas
RT3_10.jpg,0.3952437598361884,0.9948099124214662,0.12238857416481941,0.6166666666666669,0.991683433936955,0.6873205269495071,0.7798272735960038,0.16845089648834233,0.7377049180327869,0.4502670436694942,0.23314968370486522,0.9726482158000058,0.0041257358769081764,0.33333333333333304,0.33689138576779026,0.8699749062063802,0.6412869068971175,0.055536104862913716,0.8571428571428568,0.44834630350194554,0.6514168893211245,0.7307789120077707,0.2995394317312936,0.625,0.8508016057399896,0.9118185411968047,0.9999999999999999,1.0,0.647594078366743,0.6980313614675087,0.8156869168747627,1.0,0.9999999999999999,0.5593465271006984,0.5946545371317775,0.744522656249281,1.0,0.912546279227142,0.5117205466515531,0.774404385410078,0.594138543516874,0.34719183078045224,0.4423676012461059,0.6216666666666667,0.48042704626334515,0.3786407766990292,0.10344827586206895,0.11286919831223628,0.21951219512195125,0.7487684729064038,0.1059322033898305,0.775296448609085,0.0,0.20525876160437329,0.8370697378000166,1.0,0.7379634270363031,0.7753121112047291,0.8273845044881087,0.037259600741921646,0.0006399191225145099,rochas
RT24_10.jpg,0.3540937535098747,0.0073046087081709565,0.1690642910154988,0.5000000000000002,0.0096579476861167,0.9681238615664847,0.21195023805150967,0.4246281085349706,0.9836065573770493,0.7091842077704472,0.5306745386400911,0.6514160236336236,0.06875980808910258,0.6111111111111107,0.326685393258427,0.10078433356364691,0.06819802757364013,0.6103626863674033,0.1904761904761898,0.0003891050583657588,0.06956840156169797,0.3391181412440136,0.07160591362811988,0.5,0.14928247762011979,0.31224825592701116,0.011962262279616848,0.04324382581601823,0.25745091480486904,0.1262467535479096,0.2860814954470827,0.011153444770548897,0.041912164934531204,0.2523164586293515,0.1327940410750004,0.2974459378465595,0.015704820969639505,0.04916344012222365,0.25966730933329896,0.0,0.0,0.21298322392414298,0.6697819314641744,0.0,0.0,1.0,0.5199999999999999,0.10654008438818564,0.06378986866791744,0.0,0.31355932203389836,0.28902634955886464,0.06046501640433763,0.4196856471032283,0.2642451316756521,1.1207785240615182e-07,0.3068588904276568,0.28902634344733047,0.23217660404422857,9.423568856445669e-07,0.03817542043973902,tapete
RT22_8.jpg,0.875932106493039,0.24730592629869463,0.025909044233071166,0.7833333333333334,0.0,0.0,0.0,0.0,0.0,0.12981464027646875,0.937497236578102,0.05581413825999745,0.1345523520571436,0.9444444444444442,0.7611891385767791,0.5339211715884034,0.8080100678006364,0.26798436865498587,0.2857142857142856,0.8926070038910506,0.28482173651100773,0.4259715879748125,0.5160549175091418,0.3125,0.0,0.0,0.001332226984194725,0.0013949147734323734,0.0,0.0,0.0,0.0022900602631254624,0.0027882011407370216,0.0,0.0,0.0,0.00214222710305015,0.0020752457311117058,0.0,0.5321526460046384,0.45559502664298407,0.2527352297592998,0.25389408099688476,0.59,0.590747330960854,0.3203883495145632,0.16344827586206895,0.15119549929676512,0.2682926829268293,0.3940886699507389,0.48305084745762716,0.12077419649271834,0.495276734162114,0.4258514158615797,0.0937631504562482,3.065928897099189e-08,0.44535419476754967,0.12077419357862954,0.2606957864638437,5.338613246157096e-06,0.42340316226169267,piso
RT8_34.jpg,0.44992196635494164,0.18203548597047736,0.6915839104381444,0.5666666666666667,0.04574111334674715,0.9020720157684726,0.39219128096056227,0.41614565533454734,0.9344262295081968,0.608084616190177,0.5722161628709892,0.6214622005800194,0.13854084381685317,0.6388888888888888,0.3942883895131087,0.2213894396407703,0.3505824014491238,0.9999999999999999,0.1904761904761898,0.16284046692607004,0.5934649431446513,0.714920282033863,0.2977026215552411,0.5625,0.08233798434444715,0.2068315525929919,0.030798982290657678,0.052891698822025546,0.1638590316637963,0.0397379850423744,0.12580607977655575,0.00903584666025207,0.0186053523280985,0.12036887878767874,0.06409236322592216,0.18078271988193564,0.03185911936934881,0.05036545895274072,0.1576925715911561,0.6689858739194602,0.325044404973357,0.14223194748358864,0.20404984423676015,0.3766666666666667,0.6583629893238434,0.226537216828479,0.5813793103448275,0.5376230661040788,0.3433395872420263,0.3645320197044335,0.5550847457627118,0.15377618836296916,0.09064256985636372,0.23817728925918352,0.14866989617917983,6.110671592792759e-08,0.18568602541747498,0.15377618656671496,0.13741399774248436,1.1450484756103235e-06,0.06709628473165724,tijolos
RT3_18.jpg,0.37947661846370906,0.722561051051694,0.16874450125901974,0.5833333333333333,0.673775989268947,0.7658769659565996,0.639016693939901,0.2057971157810607,0.8032786885245902,0.5156770342444235,0.2763816043005356,0.9561978624536822,0.009233091831325216,0.38888888888888884,0.3746020599250937,0.7150833973141246,0.5562283934331821,0.13928730986199533,0.7142857142857135,0.21838521400778213,0.5276592014520229,0.6223471152972468,0.3590634907160126,0.5,0.5454008148782828,0.7036457788105948,0.5015085849077449,0.581086952486496,0.4568058487321043,0.4684225340911568,0.6471287799853299,0.40360634207509627,0.5082741112756918,0.511211623365465,0.45376052388904514,0.6361365432456213,0.4917586059612053,0.5404826042793069,0.4689258318075721,0.6651908075057981,0.48134991119005327,0.18453683442742524,0.3847352024922119,0.4783333333333334,0.590747330960854,0.3818770226537217,0.26758620689655166,0.2341772151898734,0.33958724202626644,0.6256157635467979,0.17796610169491522,0.6058917122356692,0.004240215049018016,0.2182958046328476,0.6416451668922898,0.07933912589293224,0.5469551760667889,0.6058917158350313,0.5953577269976815,6.679632738723094e-08,0.003984623124043493,rochas
RT8_13.jpg,0.47597900046429453,0.26798480301157723,0.4328614585372903,0.5833333333333333,0.05016767270288397,0.8864293854650652,0.43107557197070207,0.31523947858679824,0.9344262295081968,0.5735679128704576,0.5085121978452611,0.7310245091915113,0.07177898613806717,0.6111111111111107,0.4328183520599251,0.3954711184052133,0.4283789478794323,0.40155761028591896,0.3809523809523805,0.15982490272373542,0.6465540019865816,0.7073001552150794,0.313819505910728,0.6875,0.1373980410007794,0.2953236798898521,0.0476402467314714,0.08419080565876567,0.24339129159929038,0.0783219867158916,0.20660167466898674,0.015953485616380457,0.035129582171287595,0.21366795781917888,0.11509172061998074,0.27061064498152054,0.04916032751228151,0.08020541269269517,0.2551141690169594,0.7543748682268606,0.3898756660746004,0.10649161196207149,0.15576323987538943,0.505,0.6939501779359429,0.16990291262135926,0.46482758620689657,0.49859353023909986,0.39399624765478425,0.6256157635467979,0.5084745762711864,0.20560842771762564,0.04791500843017743,0.18888954021039345,0.2066685470718915,6.84384835888094e-08,0.22835204693221844,0.20560842667090165,0.19710917666417427,5.356689584477795e-07,0.04019088731591617,tijolos
RT21_2.jpg,0.46843032815668684,0.8096010043894264,0.08574876241556217,0.5999999999999999,0.4983232729711603,0.8857621957946297,0.36829400657994193,0.2515336958209173,0.9180327868852459,0.5298565294795267,0.22610005370346054,0.9650833405683865,0.00485773499449621,0.33333333333333304,0.325374531835206,0.8686311626671568,0.6658612097791751,0.04343364321240639,0.8571428571428568,0.48433852140077827,0.6940168153261688,0.7708171939485687,0.3030402810455414,0.6875,0.6952357352396146,0.8113761796856207,0.4665504902911812,0.5965641387039461,0.7204117588239015,0.7480205909060216,0.8485779174722815,0.5400172644082436,0.6945734353191458,0.7818852257768083,0.7674300905750545,0.8614632042997569,0.6296492145878639,0.7290019846971598,0.7946217424223979,0.734977862112587,0.47602131438721135,0.46280087527352304,0.3177570093457944,0.6900000000000001,0.39501779359430605,0.2896440129449839,0.15586206896551724,0.16068917018284107,0.24390243902439024,0.4137931034482758,0.1694915254237288,0.6325273669667658,0.002914406930847423,0.1839200065371986,0.6774188145378486,2.1979609083724286e-07,0.6367749186811615,0.6325273718032984,0.714763566295816,6.31447710480891e-08,0.0021032070510286433,capim
RT7_9.jpg,0.3748601857340126,0.7814565722887852,0.2108255943689047,0.5000000000000002,0.5900737759892689,0.7946962610727476,0.5656775144633266,0.19006837397916732,0.819672131147541,0.5974238140119384,0.28631564800968645,0.9445992555332814,0.013245711236770583,0.38888888888888884,0.25587546816479406,0.6776442862235559,0.6497474972187506,0.11118311967154126,0.6190476190476186,0.3928015564202335,0.8423734099484967,0.8774018021025934,0.2140527833421012,0.8125,0.2070414584263264,0.38708186736473943,0.1531308989385852,0.2055336588961637,0.3499518403530064,0.18906091754116683,0.3718571997831913,0.13908425147134745,0.19769507114382667,0.37416639156065523,0.20830312614195076,0.3969077176101935,0.2028481916047304,0.24764026198812028,0.3792894416118966,0.3976386253426102,0.4111900532859681,0.24398249452954052,0.40498442367601245,0.6250000000000001,0.3914590747330961,0.5032362459546926,0.38689655172413795,0.16526019690576654,0.24202626641651032,0.3940886699507389,0.5338983050847458,0.21837913067238604,0.021280167943700332,0.043919334001318006,0.23217423985547883,1.4562507634537e-07,0.19853045038606076,0.21837913077633506,0.19117673801165808,3.69730000904181e-07,0.018375342749673586,folhas
RT7_13.jpg,0.37106057165281303,0.7542145601667114,0.1741036178827038,0.5000000000000002,0.5998658618376929,0.7981282442300363,0.5733596921697683,0.20768351424568987,0.8360655737704918,0.5932139491046183,0.2856310152050585,0.9327721525686512,0.012639562909108351,0.4166666666666665,0.26835205992509364,0.7151357581523108,0.626010984415109,0.10675456529818927,0.6666666666666661,0.3534046692607004,0.6819723019079724,0.726406513323608,0.28349198915496177,0.6875,0.2091054204811448,0.38956705172860234,0.11825634617430875,0.17374230456008796,0.3918945672207781,0.19373012269261924,0.37766481969022425,0.12116732076797798,0.18074277270971875,0.4110257534819334,0.19474601071827113,0.38046668213588597,0.15664797196188612,0.2051318801838917,0.4019156473992588,0.2894792325532364,0.40763765541740676,0.2636761487964989,0.42990654205607476,0.395,0.30249110320284694,0.47896440129449847,0.3841379310344827,0.12658227848101267,0.22514071294559101,0.40394088669950734,0.5423728813559322,0.20244547175539565,0.02611592726227741,0.041796914595638,0.21182348391971598,0.007729608420826853,0.19014269164346276,0.202445471291293,0.1750453715485923,5.355528915438193e-07,0.020430324508200894,folhas
RT24_23.jpg,0.27777982733945894,0.11812339665136351,0.227007812013443,0.41666666666666674,0.07109322602280349,0.9223631302196101,0.31802649099905983,0.3334747202038147,0.9508196721311476,0.8108911927950571,0.442741027549149,0.7566757484591385,0.05164500931753731,0.5277777777777777,0.20112359550561804,0.17168553844800982,0.2149278845565542,0.7044519056916042,0.23809523809523725,0.005252918287937744,0.09110147823555792,0.37172903993398754,0.38795483943466796,0.0,0.24420938835046144,0.43023186574304756,0.053029459590014816,0.11619629074977172,0.31220310978415466,0.16937131206009795,0.34660346061594605,0.04334280382640291,0.09827502282002629,0.25728727886873504,0.1718032857880431,0.3513780023157761,0.04845023306011149,0.09945352921057189,0.27050139019749697,0.6972380349989459,0.3632326820603908,0.3522975929978118,0.33800623052959505,1.0,0.498220640569395,0.5938511326860841,0.15034482758620688,0.16877637130801687,0.2326454033771107,0.5123152709359605,0.0423728813559322,0.8591679774177674,0.013466892770069322,0.7367660146351015,0.8616027296945838,2.6719175003816317e-07,0.6869437141421219,0.8591679775461681,0.7182771593000878,1.9350612240816382e-07,0.007151534672364033,tapete
RT24_33.jpg,0.07721901260863051,0.2125838012022353,0.12816594010184756,0.2333333333333334,0.3299798792756539,0.9149073703851793,0.32783423659904476,0.31562411407983587,0.9344262295081968,0.9483296680280658,0.24645042095207836,0.8937818738805332,0.012412743254646197,0.33333333333333304,0.0033239700374532166,0.08951795801620577,0.13192626783684658,0.7933214509259149,0.14285714285714235,0.0011673151750972762,0.0,0.2420612044210552,0.5675527806507966,0.0,0.36074316277726176,0.5486624671242009,0.06296910154142109,0.14673851401393317,0.4796723859673444,0.3167052882912541,0.5122349564717612,0.06402115157511191,0.14859457833230238,0.4863368959538562,0.3025856361764962,0.49956404510778274,0.06904866122729647,0.1453397374341199,0.49456400199527917,0.43706514864010115,0.17140319715808172,0.6721371261852662,1.0,0.31666666666666676,0.18149466192170816,0.8980582524271846,0.2558620689655172,0.05133614627285514,0.03564727954971857,0.2068965517241379,0.0635593220338983,0.7838018568340935,0.015835269242600928,0.5800212337445315,0.7777386316360152,3.4849529662369674e-07,0.47633918351958304,0.7838018555728825,0.5106007867448474,4.3211902896500743e-07,0.005116919781768771,tapete
RT3_30.jpg,0.532390316340281,0.8587230462920814,0.11350084071253497,0.7333333333333332,0.6264252179745138,0.7727033383648682,0.6386171793126949,0.24460209565988084,0.819672131147541,0.4230181170803226,0.25114764312918325,0.9703346233641648,0.005197940199191328,0.36111111111111116,0.42125468164794017,1.0,0.6474565861947662,0.028459947299583566,0.9999999999999991,0.48920233463035023,0.48719450393114805,0.5770848664559259,0.31203766932285576,0.5,0.3944559256526394,0.5793893708963991,0.1859579579804247,0.2785478479316347,0.5858601510723838,0.4999486060753089,0.6723492454446479,0.4328584932932107,0.5396732211485434,0.607456071844089,0.4554022443677508,0.6374870955138306,0.49671709470501996,0.542998735011471,0.5668908289609941,0.4358001265022138,0.3108348134991119,0.45696571845368344,0.4345794392523365,0.3866666666666667,0.2669039145907473,0.42071197411003236,0.14482758620689654,0.03586497890295358,0.06378986866791744,0.23152709359605905,0.30508474576271183,0.4248729712514536,0.007744769290583079,0.1064027203638872,0.4509743297583938,0.13245047049619293,0.4791755650738343,0.42487297344875263,0.5026109502882108,1.6283808892425786e-07,0.008768092210816932,rochas
RT3_8.jpg,0.26568714014820793,0.834090039286647,0.13419566501687852,0.44999999999999996,0.9679409792085848,0.7290697357420669,0.7219599383384141,0.19708336768445428,0.7704918032786886,0.5747826997591371,0.2339909569026566,0.9507623962564538,0.00677216790448916,0.33333333333333304,0.25227059925093637,0.7259647657852124,0.6186194060917357,0.10515136449571394,0.7142857142857135,0.2389105058365759,0.5560520481337736,0.6636638999114228,0.30972784651652935,0.5625,0.8289808943966257,0.8983053816159077,0.764444172655538,0.8420140203029663,0.6416301762318052,0.6708777697705024,0.7973367275571773,0.6788165704064478,0.7754833062864616,0.6119446961035592,0.648519507247437,0.7825813608028119,0.7350919014968254,0.7621264317504931,0.6273366757198966,0.7992831541218638,0.6065719360568385,0.37527352297593,0.4065420560747664,0.5616666666666666,0.4768683274021352,0.3381877022653722,0.1275862068965517,0.13396624472573837,0.2607879924953096,0.852216748768473,0.08898305084745761,0.811045404076522,0.00042394206065548244,0.25548670107239285,0.8703610738393257,0.6080002055479699,0.6468246921779081,0.8110454106882273,0.7338812293574104,0.0,0.0,rochas
RT8_26.jpg,0.5324283015500972,0.21395895981355595,0.6229045421658767,0.6166666666666669,0.025083836351441985,0.878144998685018,0.45564089167738986,0.7473094555600274,0.9180327868852459,0.5273850664991099,0.6172908032532294,0.6104639414482735,0.13427476349660805,0.7222222222222219,0.4729166666666667,0.34279590603311405,0.3732870519289756,0.6131899125618395,0.3809523809523805,0.22587548638132296,0.6974666141031864,0.7107583708705352,0.2776910357270716,0.75,0.09085691650612022,0.22187040092725113,0.03370286690102039,0.0552456987022589,0.1837669536663955,0.0675395717488177,0.1860519380295436,0.02768712257758897,0.04623244873385707,0.1687070077906653,0.06084885732328446,0.17418716625720762,0.029305301141933422,0.04283216452513998,0.16277517479752399,0.7501581277672359,0.6518650088809947,0.1415025528811087,0.11993769470404986,0.6383333333333333,0.6085409252669038,0.28802588996763756,0.1179310344827586,0.2088607594936709,0.8761726078799249,0.9064039408866994,0.27542372881355937,0.38115784932083197,0.04412534640848001,0.39607603637612043,0.36548377759061046,0.011111203697279231,0.4653358740200756,0.3811578468709743,0.4224595645850117,4.99474401114368e-07,0.03435321724462703,tijolos
RT7_20.jpg,0.32343722971405375,0.7507102764483649,0.26393356292102244,0.5166666666666668,0.8151576123407109,0.6887700736720287,0.7443591132104153,0.15613980199956132,0.7213114754098361,0.5512828568436485,0.3659444459895269,0.9385936412802041,0.02325831183957426,0.5277777777777777,0.3057116104868914,0.5741557866913762,0.5822345062327757,0.199762246143802,0.5238095238095237,0.23677042801556422,0.5807026240459106,0.6632250826534233,0.2923055295481969,0.5625,0.10627219681639866,0.24767201333323224,0.10689454339431258,0.13436375607900436,0.1991650758593316,0.08430835330310843,0.2174996685320256,0.09055890404625863,0.12300908863612978,0.17816454742128673,0.09320518714640882,0.2347465993852039,0.13230965127040173,0.1532077471675405,0.1921899383046907,0.44760699978916296,0.42451154529307283,0.26805251641137856,0.2975077881619938,0.5516666666666666,0.4056939501779359,0.3932038834951457,0.33379310344827584,0.19163150492264414,0.22514071294559101,0.46798029556650245,0.4576271186440678,0.253306612114477,0.027296580485174127,0.08865336284439385,0.25957022345962666,0.20106969430206104,0.22176939471763002,0.25333273237249343,0.20753287520326047,0.06216635733184249,0.021269311674463477,folhas
RT8_14.jpg,0.4547097424411479,0.30039567364524244,0.39367469664651145,0.5833333333333333,0.06800804828973843,0.8615772625860898,0.47333908595167506,0.3612203106439154,0.9016393442622951,0.5962928055293748,0.4697383621571176,0.7411247453960226,0.05120074322062,0.5555555555555554,0.4050561797752809,0.4238980592426529,0.4148791913711328,0.4050559514882278,0.42857142857142794,0.15671206225680934,0.6563781358943874,0.727056751662168,0.30358231818931286,0.6875,0.1709808939413102,0.34167485453927376,0.05089479208242097,0.09057142092619883,0.32272804264659793,0.11985668824162889,0.27636387815294194,0.03982542384500217,0.07174496410877192,0.28915617860373455,0.11147608149609228,0.26490800076720844,0.04342707052672785,0.06991511489933545,0.28419648263519015,0.7815728441914399,0.6616341030195383,0.15609044493070753,0.18224299065420563,0.7033333333333335,0.6903914590747331,0.2621359223300971,0.13999999999999999,0.2060478199718706,0.9155722326454033,0.6699507389162561,0.36016949152542377,0.31833656033080127,0.03437265249859198,0.2455633628322964,0.3160979140502048,0.0048781458264423065,0.33319086890625793,0.31833655923001236,0.313064558010067,4.114116242516908e-07,0.026311404395571163,tijolos
RT7_29.jpg,0.3236763452434732,0.7254420649763087,0.2095577764584693,0.44999999999999996,0.636485580147552,0.7654614866382216,0.6432412299517055,0.20208241794577128,0.8032786885245902,0.6326526337836422,0.3033738912613386,0.9253209831733409,0.015598146954792225,0.4166666666666665,0.2331928838951311,0.6706604948444888,0.6257704820925846,0.10714246400015937,0.6190476190476186,0.28978599221789886,0.6545382747604478,0.7038631897313763,0.28863615769572604,0.6875,0.16844462747298608,0.33832515825835796,0.11268171003522749,0.15909420661933132,0.30815492730261707,0.1532815293313148,0.3249471267060744,0.1037268747427592,0.15664618783915918,0.32169848489816466,0.18232631420092332,0.3649303055479364,0.16571722421018753,0.2107863975196899,0.3551377135022197,0.3575795909761754,0.3907637655417407,0.24434719183078046,0.3598130841121496,0.5833333333333334,0.3843416370106761,0.511326860841424,0.3462068965517241,0.16842475386779182,0.2232645403377111,0.334975369458128,0.614406779661017,0.17637081903611715,0.025100269931620667,0.032695251110797574,0.1917198744559687,0.017857295897493818,0.13279166220988065,0.1763708192633053,0.13071538520420029,6.872786324082249e-07,0.0198678662994966,folhas
RT21_18.jpg,0.36178780805936883,0.8027340083248047,0.0997229254966957,0.5000000000000002,0.6663983903420523,0.8376725799213327,0.4559992143435294,0.2036940868054465,0.8688524590163935,0.5758089852340559,0.20492906576679282,0.9593567859425969,0.0034347281393562606,0.2777777777777777,0.2777621722846442,0.8084488107759391,0.6476362183076348,0.07198297253942187,0.761904761904761,0.346887159533074,0.655824071492594,0.79521340200833,0.3280725858544471,0.625,0.8289215342581926,0.898268385400631,0.3582541870492501,0.5269388768507354,0.9418431350265729,0.6184116775565128,0.7608209755239496,0.36481988193506554,0.5249761351651209,0.7503473558435912,0.6183806022859332,0.7614857037952728,0.43086581356077136,0.5494506079202848,0.763569710550124,0.4885093822475226,0.4662522202486679,0.44857768052516417,0.3956386292834891,0.8550000000000001,0.31316725978647686,0.34789644012944987,0.17448275862068965,0.12517580872011252,0.22138836772983117,0.3054187192118226,0.3389830508474576,0.40606721750743413,0.00554186176222911,0.0927171787269489,0.44197318664934016,1.8894462399833057e-07,0.33990616304899923,0.40606722088207725,0.39428055143017987,1.617933953529766e-07,0.004144534256519116,capim
RT7_19.jpg,0.43470847991115313,0.752391124400879,0.30348607137797723,0.5999999999999999,0.6170355466130114,0.6977084818246615,0.7380890183240177,0.15651994166512057,0.7377049180327869,0.4968687820714211,0.3814842152568736,0.9070130009295636,0.03127815896799503,0.5277777777777777,0.37008426966292135,0.6231576908727554,0.5765101045771589,0.18713667384815713,0.6190476190476186,0.3656614785992218,0.7422766067465059,0.7156926546814756,0.2281831352065508,0.8125,0.1712166530266379,0.3419850881467616,0.13783378242818176,0.17956336256660518,0.29239837383291356,0.15604642577983574,0.32873995607127937,0.1264222619376671,0.1762858252840058,0.30791165052813274,0.16535324662267448,0.34288107305853777,0.17859085590950727,0.21392229723415693,0.30729932821874595,0.42061986084756486,0.40852575488454707,0.2830051057622174,0.4065420560747664,0.5583333333333335,0.4234875444839858,0.4967637540453075,0.3448275862068966,0.16279887482419125,0.21575984990619135,0.49753694581280794,0.6271186440677966,0.1844962116217779,0.02046117383179806,0.03974431783167018,0.20589425553656368,0.10572699035521418,0.17040294551776958,0.18451055803846264,0.17060231694608974,0.034141301991018065,0.025122109460857363,folhas
RT22_15.jpg,0.0,0.16189741409864022,0.08033753000808408,0.0,0.0032193158953722333,0.9890710382513663,0.11927140886126189,0.1627006099248207,1.0,1.0,0.0,0.5858362088138516,0.11816690801509121,0.0,0.0028792134831460703,0.11570316801326719,0.0,0.5724601333968277,0.23809523809523725,0.0,0.30643224497415034,0.0,0.0,0.4375,0.02347320313036404,0.07813280711691115,0.002772344014291684,0.006238278024074464,0.0655932353976052,0.019389141283597422,0.0710237853164809,0.0013506659693521914,0.003986836081583241,0.06633149757877851,0.01878331211667549,0.07023723924291989,0.0029005969899906997,0.005826953003444721,0.06674900593318206,0.69281045751634,0.5435168738898757,0.21772428884026257,0.20249221183800625,0.8416666666666667,0.8861209964412811,0.25728155339805825,0.1868965517241379,0.19374120956399438,0.3827392120075047,0.793103448275862,0.26694915254237284,0.25938320394178227,0.21221162548081637,0.6244190594303914,0.20806389631713332,2.1509845237467701e-07,0.1689274221884906,0.25938319629478657,0.10337742563002239,5.5360233627609675e-06,0.07879662541846798,piso
RT19_8.jpg,0.6596926914543388,0.3240303709355383,0.9415146809294358,0.8833333333333335,0.2971160295103957,0.7587832587055471,0.6023521327591858,0.25706278711233166,0.7868852459016393,0.22496596502251545,0.5148500312635904,0.8908781623846089,0.07229745963709695,0.6944444444444442,0.8118679775280899,0.7438548308940565,0.33317594637084225,0.16505381985012013,0.8095238095238093,0.024610894941634244,0.1582863729758479,0.36813153458362874,0.6549837945766953,0.125,0.10425352374084482,0.24438716828601265,0.0387035155456079,0.06246539922110157,0.18721123020742356,0.06257100682427151,0.1761317332806235,0.01693962689847032,0.03373237694948372,0.15669079417392534,0.06897178408806184,0.19045283740187566,0.026530001617041117,0.04394795107456938,0.1637073870000755,0.7345561880666246,0.38277087033747786,0.08533916849015319,0.27102803738317754,0.40666666666666673,0.48754448398576505,0.3527508090614887,0.38620689655172413,0.5298874824191281,0.9061913696060038,0.6551724137931033,0.43644067796610164,0.23767368820340642,0.054450084689364575,0.2939145436604741,0.23182038414186848,0.0527473179637221,0.37505047512192213,0.237673685950095,0.29066493712552494,5.389028706047608e-07,0.060268981270827415,madeira
RT22_37.jpg,0.9171556237649683,0.17788374638882076,0.171514303919161,0.8666666666666669,0.0,0.0,0.0,0.0,0.0,0.043397214367996644,0.9459258440709672,0.09443198828572932,0.6438155983268882,0.9444444444444442,0.8892790262172285,0.6204069960856291,0.6523261116201607,0.2648523043737744,0.42857142857142794,0.7616731517509728,0.4708931459910719,0.5569758752953087,0.33846424982995316,0.5,0.005027223291008364,0.019634910049213056,0.0015567145971513044,0.002309161729866011,0.01672305408317254,0.003796697362656332,0.01648490252069687,0.0017398379758303247,0.002521153612911036,0.016295720847933653,0.003999320427492781,0.017693985709066162,0.002346245255378374,0.0029424939941963164,0.017424831119906684,0.5511279780729496,0.4458259325044405,0.27425237053245805,0.1884735202492212,0.6366666666666668,0.7153024911032029,0.3042071197411004,0.13517241379310344,0.15084388185654007,0.28893058161350843,0.6995073891625615,0.7076271186440677,0.04936958132281713,0.6504735341156542,0.2415472716840607,0.04205874367988266,9.713674118198735e-09,0.29824999296275756,0.04936958070699926,0.15202391096342793,6.319365790634908e-06,0.6198248534956021,piso
RT3_4.jpg,0.2917037295737268,0.8567901474181936,0.15561465466773372,0.5000000000000002,0.9771965124077799,0.6937857938499274,0.773555643060613,0.17493793518030112,0.7377049180327869,0.5370614724054875,0.25843876374757757,0.9578187074390578,0.007932742526131228,0.36111111111111116,0.2901685393258427,0.7176442531239768,0.59960572774258,0.12118898139245315,0.7142857142857135,0.24990272373540856,0.5439035389931579,0.6555797998551303,0.35733413498121586,0.5625,0.6765248333677946,0.7985857144691537,0.715874258215948,0.7666246364452836,0.5401399425017587,0.5101225463917602,0.6803225749212337,0.5529175792776656,0.6353927737880198,0.5176645082197063,0.5395684212802173,0.7038162004191499,0.687086150909647,0.6964823394528384,0.5361858121658314,0.757326586548598,0.5390763765541742,0.1816192560175055,0.32087227414330216,0.7200000000000001,0.6120996441281139,0.3090614886731392,0.21724137931034482,0.24402250351617438,0.3170731707317073,0.7536945812807881,0.15254237288135591,0.6651603236812711,0.0019196507287512366,0.20029623038117494,0.7127084499306439,0.8626087244811281,0.5435903187498804,0.6652028035043874,0.6165884917754345,0.10108707575404144,0.0010734610451560598,rochas
