name,glcm_3_0_asm,glcm_3_0_entropy,glcm_3_0_contrast,glcm_3_0_variance,glcm_3_0_homogeneity,glcm_0_3_asm,glcm_0_3_entropy,glcm_0_3_contrast,glcm_0_3_variance,glcm_0_3_homogeneity,glcm_3__3_asm,glcm_3__3_entropy,glcm_3__3_contrast,glcm_3__3_variance,glcm_3__3_homogeneity,class
RT24_34.jpg,26.6417111214508,5.161560919087442,619.4638157894744,143.26151315789463,10.392640411447568,26.353787573342935,5.133594021087267,590.8501628664499,139.37947882736168,10.302319002464097,27.98296496403517,5.289892717630025,639.3026427962488,147.59249786871277,10.692858498293154,tapete
RT24_4.jpg,19.060733335808536,4.365859976660788,442.06840796019924,103.53109452736327,8.125459257693958,20.208418526800788,4.49537746210491,463.3717210492642,107.84900831733843,8.423327228453767,20.068961928577256,4.479839498082186,457.90920798454624,106.74243399871216,8.383908396123111,tapete
RT24_33.jpg,33.2427022010709,5.765648463188759,718.1570731707309,167.21268292682907,13.013573752321687,37.00898549930093,6.083501088953706,864.8858638743454,190.71832460732998,13.833810193473324,37.45597742327046,6.120128873093316,870.7089552238801,192.2014925373136,13.957523905178318,tapete
RT24_14.jpg,16.897264447019346,4.110628230212426,364.5939058171742,88.38005540166202,7.511173102178029,17.26820712045536,4.155503233118146,369.48096304591246,89.36674132138855,7.671228901042751,16.463399042688984,4.057511434696024,370.88981173864835,88.60409745293455,7.251401136151003,tapete
RT24_15.jpg,13.546057013231403,3.680496843257905,318.6798631476051,76.74731182795699,6.388513631841351,13.531446997936683,3.678511519342665,318.90204678362545,76.59015594541904,6.41978139642049,13.7930900717588,3.713904962671877,332.0503489531408,78.58973080757741,6.4918436903062435,tapete
RT24_27.jpg,22.968644961660964,4.7925614197066855,602.9119822485213,133.32322485207092,8.917918532746192,22.187556185675273,4.710366884402453,585.4869565217405,129.8855072463768,8.683366556687236,21.004780295943014,4.5830972383250845,584.614010007148,128.25661186561825,8.15764285300426,tapete
RT24_40.jpg,14.836255396447607,3.8517860008634446,158.90796963946883,53.57590132827325,7.950145683079734,15.396597747112208,3.9238498629677725,165.08104196816208,55.03087313072841,8.236007682770616,14.61856530612247,3.8234232444397875,163.51142857142858,54.03904761904766,7.837672869770098,tapete
RT24_29.jpg,20.702530446943694,4.550003345816759,384.37468193384234,98.52735368956742,8.901538740846759,19.942267481161615,4.465676598362404,377.9313786650032,96.77479725514664,8.535537917677077,20.1439286470143,4.488198819906968,380.7993650793648,97.74539682539692,8.496147450430984,tapete
RT24_6.jpg,22.338693403142432,4.7263826974910135,491.5564795564798,116.57934857934865,8.983002605356983,21.006038413256796,4.583234492501643,493.55114401076725,115.19044414535668,8.437795461924448,22.77218784673025,4.77202135857859,508.2154500354364,119.60595322466337,8.972048000799573,tapete
RT24_23.jpg,23.045517067796556,4.800574660162734,610.6463595839531,134.14561664190208,9.000980207385034,20.575610113130793,4.536034624331123,599.4261603375519,129.2897327707453,8.024268699535504,21.996097095276582,4.6899996903279835,628.1945467944006,135.16580692704503,8.309942301764808,tapete
RT24_24.jpg,22.162813264445344,4.707739719275625,669.4354958985837,138.95525727069347,8.909865725133182,21.666579650368536,4.654737334197122,682.4845132743374,139.59808259587058,8.6326880828838,22.62361109492451,4.7564283969092305,701.0862595419848,143.41908396946565,8.833804955197973,tapete
RT24_37.jpg,13.21858905789971,3.6357377597813225,155.67319679430105,51.94211932324129,6.80788966927519,13.534227987728306,3.678889504691369,153.15167785234888,51.58836689038033,7.034850591416349,13.934724110224785,3.732924337597105,159.51036388760932,53.175034546292004,7.157728434931867,tapete
RT24_20.jpg,15.334735802469154,3.9159591165472034,405.77388888888885,92.06944444444444,7.012284496895304,15.228754698880104,3.9024037078293303,406.23672566371704,92.01769911504442,6.897374328150255,15.202557751098675,3.899045748782473,419.7671156004491,93.86475869809217,6.806245380829164,tapete
RT24_2.jpg,25.4288701866034,5.042704649947625,706.2485966319163,149.59582999198096,9.804218172783855,23.348852071005954,4.8320649903541195,695.6046153846145,145.6107692307692,8.91629752219613,24.818819726947698,4.981849026912367,711.4270833333334,149.40464743589746,9.516900656002083,tapete
RT24_8.jpg,26.85932017888375,5.1825978214485975,686.9530744336578,149.25889967637545,10.126090088842504,25.513030055728983,5.051042472176311,682.2345971563983,146.9028436018956,9.605938644993216,25.636732925171216,5.063272945948225,693.7029623698966,148.07926341072854,9.649274742143184,tapete
RT24_12.jpg,19.251756904893252,4.387682407022329,363.5084235860408,93.50120336943439,8.130034050777711,20.132879283157553,4.486967715858624,385.8138528138527,97.76190476190469,8.412310584136572,18.885353824938356,4.3457282272293964,363.03012048192784,92.86746987951808,8.022025176691304,tapete
RT24_11.jpg,20.182903297889876,4.49253862508603,385.27011494252883,98.79374201787988,8.609017816957452,22.33963898838287,4.726482729089663,412.4501347708894,105.65498652291099,9.239452672802255,20.448880393837527,4.52204382926985,416.3165137614679,104.04783748361727,8.443703789697008,tapete
RT24_13.jpg,11.455451028806575,3.3845902305606472,144.99851851851867,45.702222222222204,5.777817517625913,11.254399480435628,3.3547577379649383,146.29022777369593,45.703159441587104,5.654241189669241,11.005417007838552,3.317441334498404,141.92493592090818,44.628707433174704,5.593497842578666,tapete
RT24_25.jpg,20.869079208427312,4.568268732072065,594.346723044397,128.0535588442566,8.291710619326002,24.26898989898986,4.926356655682763,637.0106060606062,137.11969696969683,9.674884999836332,22.665920614396896,4.760873933890384,622.9888806523356,133.46775389177162,9.03067857241372,tapete
RT24_31.jpg,27.860930617578642,5.278345443183748,633.4933444259575,145.72296173044919,10.734896659109033,25.4427046249832,5.044076191433194,611.8671439936356,140.0294351630866,9.871559895565758,25.26849690273667,5.026777984229726,603.0136217948719,138.9126602564103,9.709680265358166,tapete
RT24_21.jpg,14.823142092384249,3.8500833877182776,295.02973790322574,75.15877016129026,7.063036985618658,15.119806652986671,3.8884195572220177,304.7659357470679,77.02192758796532,7.110255232790701,14.566832459709778,3.8166519961492136,310.21348884381337,76.89198782961468,6.833411631374861,tapete
RT24_1.jpg,15.706681077235611,3.963165537450538,263.10053423992247,71.2336085478388,6.937030692605542,15.517405811842648,3.9392138570840056,261.24071394114804,70.818137964303,6.895575089548392,14.97035580168958,3.869154403960842,262.8479616306955,70.18321342925661,6.704250497240545,tapete
RT24_35.jpg,22.527149218331196,4.746277406381889,405.72925457102684,105.80520393811533,10.090655797447235,23.698843227909883,4.868145768966854,395.363376251788,104.98998569384828,10.758667350088333,24.72542643995342,4.972466836486033,452.5052552552555,115.03978978978978,10.676089784297082,tapete
RT24_10.jpg,14.739021482217355,3.839143326605215,166.44890162368685,55.16236867239732,7.689107909658776,15.765571882154259,3.970588354659075,186.19306184012075,60.483660130718974,7.898190399090789,17.384784841308146,4.169506546500215,242.66832229580552,72.65618101545253,8.03686525741722,tapete
RT24_22.jpg,20.30142924541863,4.505710736989075,474.5481144343306,110.50260078023408,8.332244645957502,20.981845357028778,4.580594432715996,484.6829590488772,112.6340819022457,8.57468392944549,20.939954632863977,4.57601951840942,492.50767178118787,113.13342228152104,8.544853569073592,tapete
RT24_28.jpg,19.978887714652558,4.46977490648607,543.309127248501,118.61359093937376,8.205498368718862,20.646357742878024,4.543826332825455,545.5979729729727,119.71013513513515,8.391083265698171,20.75952338560831,4.556261997033128,548.3050034270047,120.38588074023298,8.4486492523487,tapete
RT24_18.jpg,27.75745159847824,5.268534103380014,711.9151670951168,157.35646958011995,10.30139191334804,29.2387519309359,5.407286928852204,764.6705048715681,165.68733392382632,10.821892626198055,28.97849387334684,5.383167643065451,751.6669634906491,164.0854853072128,10.65569752720546,tapete
RT24_5.jpg,22.96246428571429,4.791916556630999,538.621428571429,124.17571428571443,9.095411395442403,24.777121585995054,4.977662261141775,581.4530551415795,132.26825633382998,9.574594749425055,23.008186562364237,4.796684955504607,544.5158959537574,125.10693641618496,8.91561474629452,tapete
RT24_16.jpg,19.32072448268832,4.395534607153983,565.6624668435009,120.84681697612754,7.7699972586821175,19.176032939591472,4.379044751951215,567.9425363276097,121.00594451783346,7.770730680561812,19.68209096216986,4.436450265941213,582.820460704607,123.36924119241209,7.931365132423686,tapete
RT24_7.jpg,21.79568231348707,4.668584615650344,310.4712933753944,88.63533123028391,9.726704603127196,21.507946780904707,4.6376660920019575,364.01731879409857,97.1180243745991,9.123613278346967,21.37552790553891,4.62336759359873,389.289628180039,100.9765166340508,8.845216498830968,tapete
RT24_19.jpg,21.585027648271133,4.645968967639703,489.5991930060524,114.63483523873568,8.67858998773551,21.380966973650967,4.623955771160768,496.66265060240966,115.18741633199467,8.539873438108046,20.39878935285811,4.516501893374795,462.25411454904514,109.63001974983536,8.27474242395741,tapete
RT24_39.jpg,14.118469304953022,3.7574551633988955,164.06517690875242,53.71415270018625,7.636086737400058,14.281936739837544,3.7791449747049324,165.76423902894487,54.04621848739502,7.739772323427292,14.607649493079254,3.821995485748152,164.04426463588783,54.06901475487864,7.876225739722124,tapete
RT24_36.jpg,17.566367419259606,4.191225049941796,157.69067357512958,55.83886010362694,9.567324455827597,17.40847160662365,4.172346055473305,146.37163192679208,53.14336553126591,9.65382097821919,17.670229056013696,4.203597156723476,160.20997375328076,56.386351706036756,9.507311248610673,tapete
RT24_38.jpg,12.88149563445977,3.589080054061175,117.04976803036692,43.22100379586675,7.346731663708053,12.906325528172932,3.592537477629556,119.47121083827265,43.8700254022015,7.269375780248441,12.643711600579273,3.5557997132261643,123.1269165247018,44.36712095400337,7.11221438338801,tapete
RT24_17.jpg,19.26940428788882,4.389692960548473,324.02521994134895,86.99413489736075,8.417657873197125,19.426596921621222,4.407561334981196,341.0372120496159,89.780271707029,8.266173179195247,20.33297470580391,4.509209986882836,361.9194837123537,94.20344191763982,8.468498860054495,tapete
RT24_9.jpg,18.006006028917053,4.243348445380965,531.3313802083335,115.37825520833337,7.589689923117396,17.92582238374802,4.233889746290994,559.4292237442916,118.66079582517928,7.41675806481265,20.022256152273634,4.4746235766010125,593.6969273743017,126.2388268156426,8.153260761418913,tapete
RT24_30.jpg,23.09017358490566,4.8052235728325545,589.873962264151,133.75622641509435,8.889842533305005,22.82850868886898,4.777918865873402,605.656906906907,134.83108108108115,8.837824072296856,23.21452844403827,4.818145747488163,601.7100229533285,135.08110175975506,8.929473495609132,tapete
RT24_3.jpg,26.27640596120488,5.1260516931850075,681.2034596375619,150.07331136738065,9.980665303340675,25.045625719405827,5.004560492131734,699.7909604519778,150.48506860371262,9.437243597830909,26.210790754875703,5.119647522522982,713.1134278565477,153.2768974145121,10.051136581179104,tapete
RT24_26.jpg,20.217904513605994,4.496432420664854,386.02043343653276,97.67616099071213,8.462151313860142,21.387508554355467,4.624663074685059,392.9331635900701,100.12476129853604,8.922550039084834,21.466637946656274,4.633210328342139,415.6593264248702,103.29145077720204,8.866255205988494,tapete
RT24_32.jpg,15.321877478195372,3.914316987444345,363.8115770821025,89.89427052569395,7.381888703498756,14.77244032715686,3.8434932453637614,357.70806732443435,88.32791642484044,7.125168562633711,15.088344896228765,3.884371879239778,359.61433649289086,89.0870853080568,7.200047236068308,tapete
RT22_27.jpg,3.539329411764705,1.8813105569694508,55.65955882352939,12.866029411764707,3.1199354481221313,3.4933905321075303,1.8690614040495113,67.38671234917325,14.669596305675569,3.0677029327170637,3.5619848319867966,1.887322132543037,88.16892430278881,17.831713147410355,3.0654013740562793,piso
RT22_19.jpg,2.7492275807730135,1.6580794856619552,42.904761904761905,9.877551020408157,2.4409519102548782,2.7900385533414633,1.6703408494500347,53.50115180833905,11.719534669431006,2.449425321734456,2.7696091687940743,1.6642142797110215,64.29819133745839,13.259400285578296,2.409963205931689,piso
RT22_4.jpg,1.5051150784925484,1.2268313162340405,29.32288313505948,6.631210636808962,1.416090282846379,1.491372697442454,1.2212177109108981,34.72102637205987,7.576906628652886,1.3937043466905321,1.5317628018161789,1.2376440529555253,41.84143633718704,8.924814332746346,1.4067169284972616,piso
RT22_25.jpg,2.4484857109115805,1.5647637875767642,40.989328384178144,10.058113907899301,2.2215786101885695,2.4931144100621347,1.578959914013695,61.35187020064402,13.22430022293783,2.2249677725363166,2.5328461573096437,1.591491802463853,74.76356178883297,15.602672664726112,2.218442568970257,piso
RT22_15.jpg,3.7301918981313227,1.9313704714868463,67.04746691008674,15.097672295755352,3.092163900096094,3.84685971454008,1.9613413049594606,60.34921851057307,14.18556543058536,3.180927116916542,3.907490538462603,1.9767373468578477,91.91852825229964,18.789750328515122,3.174287549773849,piso
RT22_24.jpg,1.9095791782436495,1.381875239753448,65.99348010960976,11.311820844751018,1.6952900056455102,1.9356633709138016,1.3912811976425907,95.35899767606347,15.017075881580272,1.6898994317760625,1.9865345526212241,1.4094447674957766,114.30879499892218,17.542466048717404,1.6979733024255623,piso
RT22_40.jpg,1.701139518762753,1.3042773933342373,25.408937536005258,6.577894823471319,1.5760995575419459,1.7278494817470313,1.3144768852083446,31.050409306333467,7.7249461439034945,1.5838658893920379,1.711020862994062,1.3080599615438362,38.948331830477905,9.085211902614969,1.551187130945918,piso
RT22_21.jpg,1.9047816956375734,1.3801382885919706,34.35725308641974,7.974344135802473,1.7335990018153318,1.878321989378619,1.3705188759658216,58.39149797570847,11.258704453441295,1.6936895657830124,1.8767294403034722,1.369937750521341,65.6412975015746,12.390615158513548,1.67357894771819,piso
RT22_1.jpg,2.6201668095232704,1.6186929324375487,75.91068638057456,15.346916696718338,2.314926403207193,2.507808983931756,1.5836063222694445,61.45836619718309,12.86005633802816,2.2581234223591933,2.7458524673843283,1.6570613951765119,100.502780720339,19.3430879237288,2.340200034840877,piso
RT22_32.jpg,2.654453741828234,1.629249441254541,91.32803832576901,16.93797276853251,2.3593529096672787,2.735667811176236,1.6539854325767913,78.33810353409652,15.147461423593825,2.450489623801567,2.8548628699983567,1.6896339455628715,123.49468462083637,21.964422395464222,2.434040128028182,piso
RT22_33.jpg,1.9834502997262584,1.4083502049299592,29.136087282418572,7.105771633213959,1.828865352551721,1.9764879809906242,1.405876232458115,37.15356223175965,8.329871244635195,1.8110336514089582,1.9832901340976026,1.4082933409263863,45.19759667509934,9.754698229129026,1.7966446737184985,piso
RT22_35.jpg,1.8445959119750068,1.3581590157176024,34.53085346775594,8.076134190856951,1.7132087567043752,1.8443160940385102,1.3580559981232403,41.95874631663544,9.356371104562916,1.6997974805445535,1.8709952428805225,1.3678432815496526,51.06247019551739,11.089747257987595,1.6907282996387114,piso
RT22_20.jpg,3.2131536439863093,1.7925271668753893,45.89028938906751,10.737877813504824,2.9004535557094995,3.2134961263803716,1.7926226949306348,70.20578557718676,14.517000274197967,2.8561435619890294,3.1624865862318865,1.7783381529483886,88.74960584778563,17.3699297692418,2.7526678293671734,piso
RT22_10.jpg,2.425388988165744,1.557366041804477,25.34475688342121,7.310583870337826,2.174869105694452,2.3938486790976836,1.5472067344403861,30.26595638753362,8.187692920442098,2.126229672214098,2.463623084736759,1.5695932864079023,36.150534255185406,9.27142258537607,2.171784769528868,piso
RT22_31.jpg,3.7935991814015244,1.9477164016872488,49.4721767594108,13.662356792144028,3.3643137200076523,3.8289988611767587,1.9567827833402354,60.59569418545519,15.778606543481946,3.3543160274260266,3.8984192081053712,1.974441492702524,71.88112522686032,18.313793103448273,3.340715259676633,piso
RT22_6.jpg,3.152260425486027,1.7754606234681825,84.8265006296347,15.62347838253813,2.839981095526019,3.201736357024789,1.7893396427243178,103.03345454545453,18.05076363636365,2.8659389564285913,3.2138747376089114,1.792728294418569,134.56377708978317,22.10154798761612,2.8306405185277415,piso
RT22_26.jpg,2.517334815460723,1.5866111103420153,61.156517658101585,12.087645195353756,2.257709947757749,2.550490209779187,1.5970254255268408,77.97482893450646,14.281280547409597,2.2648872947048218,2.6387119975515207,1.6244112772175403,105.92625994694966,18.183023872679062,2.2969543608143037,piso
RT22_16.jpg,1.3668267352676942,1.1691136536999704,27.485232348823263,6.307553836922455,1.2462418795208206,1.3514834440415606,1.1625332012641878,27.514893897456172,6.26077500988533,1.2386330113804211,1.37134959218954,1.171046366370495,36.610374884841605,7.804620508822904,1.2377588883574482,piso
RT22_13.jpg,2.290925350122777,1.5135803084484076,61.88675819811639,12.011346873936233,1.9755748089642762,2.3284626856853268,1.5259301051114127,66.78451178451172,12.662370834784623,1.9983140780367763,2.3355245593926472,1.5282423104313816,97.00135651744976,16.419780490812677,1.9748991909102278,piso
RT22_37.jpg,2.116092704041394,1.4546795881022714,53.898785425101224,10.843746580588691,1.9212256924951225,2.1077056463798947,1.4517939407436218,65.34524076147822,12.396304591265395,1.9118356213772796,2.159863724860083,1.4696474831945527,85.3919000120179,15.204422545367173,1.9310533482087517,piso
RT22_8.jpg,1.6761899646263783,1.2946775523760263,51.47064731123892,9.853921300100426,1.5205383521356712,1.6842286278113854,1.2977783430969194,72.40875700753914,12.722308138410984,1.4985161509303335,1.687101039232446,1.2988845365283421,82.98990403838454,14.126449420231912,1.4918539883254254,piso
RT22_23.jpg,3.146686071514932,1.7738900956696646,129.1810171587572,21.07806461586026,2.7753088366793266,3.189755237397896,1.7859885882608253,150.25777492786156,23.849951907662692,2.7839109924004277,3.3338201241123655,1.825875166628969,189.66178776790363,29.04112214671545,2.8349884987879364,piso
RT22_29.jpg,2.1753761230216346,1.4749156325097497,35.05859414058595,8.362863713628641,1.962878452720779,2.213455631497489,1.4877686753986619,50.56850031374192,10.423551558251408,1.9810605269985142,2.172849655491898,1.4740589050278479,66.25955778237669,12.638601459536002,1.9274905633749082,piso
RT22_18.jpg,2.106771827137829,1.4514722963728344,43.12868332711675,9.568071615069003,1.8868934877171788,2.0914270317110164,1.4461766944986412,46.888015717092344,10.119562166713443,1.8733901148424281,2.141559850231933,1.4634069325488153,59.83063537029549,12.470052610279247,1.8724143318284643,piso
RT22_2.jpg,2.398482152915665,1.5487033779635353,33.54795121523206,7.936649995612871,2.152455859797461,2.410645571895665,1.5526253804107626,39.72728901630531,8.946425371797181,2.159669950787995,2.453681623559853,1.5664231942740932,48.37261814024389,10.499523628048774,2.1665745897489863,piso
RT22_28.jpg,2.28050253216134,1.5101332829129157,24.842119866814656,6.757584165741761,2.069928592494787,2.319137434744606,1.5228714439323519,37.092617709746186,8.597946134470057,2.098396504663368,2.3006879454146754,1.516801880739431,44.64300080450521,9.95937248592116,2.058126895269757,piso
RT22_36.jpg,2.0911219343450043,1.446071206526499,55.939700611427334,11.531309297912715,1.8540675840387981,2.0778696063268476,1.441481739852034,66.7941303409581,13.085023737591715,1.8288042782611993,2.1211680432356697,1.4564230303162848,83.1044153436088,15.825240468188671,1.817936358213536,piso
RT22_22.jpg,2.190654033604184,1.4800858196753945,47.117460317460335,9.896825396825413,1.9877081309564262,2.238503446576104,1.4961629077664316,42.069617746088355,9.28708655179244,2.0310274455852464,2.204518255193701,1.4847620197168638,67.30883611467696,13.001604621309372,1.958436606395688,piso
RT22_34.jpg,2.0622448754203733,1.4360518359099623,32.17704946841228,7.308584482910118,1.9010223278868226,2.1237163114919957,1.457297605670165,36.06985428051004,7.931420765027321,1.942481393618034,2.095402514193561,1.447550522155811,48.04696210904278,9.628555230085984,1.9013816990195982,piso
RT22_9.jpg,1.848510201240384,1.3595992796557315,32.18647577885828,7.569151809832516,1.7367824188261027,1.8812754021368592,1.371595932531465,41.48674153062184,9.093045201472126,1.753455404765495,1.8685270941268808,1.3669407793049708,50.170736529906065,10.570143351458235,1.7229462499718031,piso
RT22_11.jpg,2.2926752830997983,1.5141582754454035,60.48167423319676,11.710995460081946,2.0323569137588877,2.262746654899964,1.5042428842776567,69.34273342955478,12.760297546352838,2.0044247290638917,2.3070233729369543,1.5188888612854314,89.0539035659283,15.452671484421275,2.015793905758592,piso
RT22_14.jpg,2.192164040341071,1.4805958396338519,57.3940189369082,10.304677978813162,1.9753180401171053,2.2327843427158234,1.4942504283806726,52.70173139915775,9.64436125409453,2.017726966708987,2.277646778738795,1.5091874564608583,81.4314483319773,13.393409275834006,2.016276397510943,piso
RT22_3.jpg,2.467032548510026,1.5706790087443157,37.06080494160792,8.34369269375543,2.2586009440861328,2.5446422522973986,1.5951934842825175,43.00995174909531,9.318556493767593,2.3096251273959587,2.6065281234303246,1.614474565742776,57.76851654215581,11.546958377801495,2.338804989756895,piso
RT22_12.jpg,2.869526400050865,1.6939676502374137,54.484778036089935,10.54522307096203,2.592156270118727,2.955870750488084,1.7192645958339525,83.21453123148038,14.33649401446012,2.6412462804083434,3.020587135116728,1.7379836406355291,99.74428429423457,16.487326043737593,2.6763318369890765,piso
RT22_38.jpg,1.8286463856615993,1.3522745230394602,40.00935794125292,8.463564682436527,1.6725447093339918,1.8606587704788893,1.3640596652928674,49.854619565217384,9.983061594202884,1.6826573994456486,1.8960739325009108,1.376980004394004,63.10126582278483,12.093438979611564,1.6866794084460108,piso
RT22_30.jpg,2.194251652101036,1.4813006622900822,50.373985431841874,10.323621227887624,1.9200144514580866,2.1969729486318683,1.482218927362577,79.90613678779226,13.973323087056748,1.8940089326256295,2.201539916573923,1.4837587123834937,87.52111400430209,15.086607041775162,1.882412455437022,piso
RT22_7.jpg,2.6648456186404132,1.632435486823419,75.73965691220998,14.246720484359233,2.3902007108723247,2.7602255276895917,1.6613926470553526,95.71392438764649,16.980963791267296,2.44263346916893,2.7633942489630705,1.6623460075938072,116.81947176173088,20.026552402360213,2.4048043140508972,piso
RT22_5.jpg,1.912412635133937,1.3829000813992083,53.98942046624852,10.748899915738228,1.690747635765953,1.8863344380572875,1.3734389094740571,55.84188073819901,10.916906241305753,1.672297090372164,1.9698829352784613,1.4035251815619345,76.81520287621977,14.305084745762718,1.688132548242154,piso
RT22_39.jpg,1.8884328175013028,1.374202611517422,40.390253116735934,8.706271250472216,1.709580740760108,1.9116949883762844,1.3826405853931398,59.26405451448039,11.536226074756986,1.7038250095156438,1.920143144855422,1.3856922980429032,67.26101378666945,12.681973670571162,1.6985809560571334,piso
RT22_17.jpg,3.0812560787396044,1.7553506996436936,71.37322745320476,15.25893363584799,2.831680677060841,3.0498555889655816,1.7463835744090075,57.56709308655419,12.950870985302132,2.823040052924249,3.068874800531569,1.7518204247386686,115.50078764965345,22.156112161310656,2.691615548618559,piso
RT8_33.jpg,7.920209043643228,2.8142865958610592,256.87150259067346,49.51260794473226,5.428784464134496,9.083264213804686,3.013845419693035,191.35464902609326,44.76736493936059,6.080291460762437,8.678064104841964,2.94585541139445,282.35184494968337,54.00298173686171,5.810889395468915,tijolos
RT8_10.jpg,6.889465054462931,2.624779048693991,562.4932849364792,73.88493647912881,4.84542362596349,7.212216422498848,2.6855570041425016,249.26332072877273,46.58267445857691,5.198222483895803,7.575253848942311,2.752317904774503,657.5547001620754,87.22811993517013,5.053295786186446,tijolos
RT8_38.jpg,13.248408942118592,3.6398363894711796,330.3904270295636,74.15391834819319,6.615662936610694,7.291759854025118,2.700325879227379,157.01363366923522,36.13515115589817,5.093754449057294,13.602352751366405,3.688136758766736,362.56371595330756,79.1123540856033,6.525495832847694,tijolos
RT8_20.jpg,15.540371786165725,3.9421278246862728,611.5617842073538,107.92465340566596,8.315015050773251,12.18202277970014,3.490275459000355,525.6147058823528,83.70000000000014,7.728416060917459,17.66532228056109,4.203013476133653,737.3801208865018,127.14372061786412,8.657686748000083,tijolos
RT8_40.jpg,2.062242134872082,1.4360508817141828,148.70275590551182,20.063095731454634,1.6281325980800112,2.037480121769267,1.4274032793045093,105.4448857994042,15.77815292949354,1.6376180435536842,2.04636280558683,1.4305113790483561,101.47565278757935,15.42262324831133,1.6401627039018127,tijolos
RT8_7.jpg,6.313655512956697,2.5126988504308865,562.1121163166404,69.4723747980613,4.69786854946224,5.747709936622918,2.3974382028788392,127.59015957446806,27.723138297872353,4.507920991657739,6.828565875366048,2.6131524783996145,689.745341614907,84.94081110705156,4.734393452010225,tijolos
RT8_32.jpg,6.215927508681147,2.493176188856525,284.4073853484213,48.901131625967835,4.359768306795206,6.538583000154671,2.5570653101074035,170.1362445414847,36.45764192139733,4.634992588891309,6.749010985883412,2.5978858685252924,417.9979508196725,65.6181693989071,4.361058627209171,tijolos
RT8_4.jpg,10.044922674879377,3.169372599565942,275.2032245969253,52.8110236220472,6.880948552105572,10.648771861870532,3.2632456024440657,341.3117296222667,61.03339960238567,7.064176062460095,9.870690212260314,3.1417654610521635,251.8207782934666,47.05390931810064,7.08481834133821,tijolos
RT8_28.jpg,10.847475859364712,3.293550646242549,561.2811418685126,79.56920415224921,6.650939002938955,10.394380376058443,3.2240316958830357,453.9523411371239,71.29096989966564,6.408820307710898,11.680377273417296,3.4176566933232624,665.3407794676813,93.73146387832716,6.720446538962893,tijolos
RT8_19.jpg,12.608968501869642,3.5509109397265433,625.6721905748313,97.5313309166236,7.424955640967428,11.263990954398263,3.3561869665437687,586.61260849703,83.78574691640013,7.352084795878032,16.591691635955808,4.07329002600549,820.8500000000004,126.8892405063291,8.737356009255684,tijolos
RT8_30.jpg,5.278809935567892,2.29756608948859,231.7214045959205,39.88406919700498,3.865146083649804,5.289049201108171,2.299793295300291,144.0512115913066,30.211591306520152,3.865468751475516,5.321575727568699,2.3068540759156613,191.10509885535888,36.379292403746106,3.8822578303893973,tijolos
RT8_9.jpg,7.507342525863362,2.739953015265656,595.5215034333212,76.61510661366103,5.438111840138034,7.572368055116361,2.751793606925556,252.38304190036308,45.93632464533162,5.671419212554458,8.28212839757885,2.8778687248689523,609.1068342498035,82.4304791830322,5.743009264255566,tijolos
RT8_11.jpg,11.119321035530131,3.334564594595542,437.8525878003698,75.25924214417734,6.841317709718499,11.355111784815708,3.3697346757297835,507.9036433365296,83.72243528283788,6.783525434415872,13.941470481544746,3.7338278591205496,629.2993158494867,105.65849486887114,7.300297254885983,tijolos
RT8_5.jpg,13.240779320906398,3.6387881665337978,496.3952588292212,82.84131591678765,8.120552248280477,10.92769972971485,3.305707145183138,245.21127848590174,48.705291618385466,7.600916541351195,13.228722459769543,3.637131075417759,522.0635781172996,85.71069492360793,8.092134022607246,tijolos
RT8_26.jpg,9.626544295879247,3.102667287331861,401.6030377668305,68.15640394088663,5.923627138689275,9.217474959452742,3.036029472757592,398.4452815226017,65.7577319587631,5.777546932779339,8.880090380064845,2.9799480498936295,402.79279279279297,64.78652565609089,5.594662909916396,tijolos
RT8_18.jpg,14.935793858913078,3.8646854799469876,599.1839484475689,102.16930287053297,8.560793396947123,13.143396058438276,3.625382194809021,555.606157112526,91.39915074309988,8.008229156250342,14.445154743020549,3.8006781951410393,633.7554125219424,104.649502633119,8.214805070299194,tijolos
RT8_14.jpg,16.637722261578315,4.078936413034446,587.5570342205326,106.40240811153333,9.253159464543431,15.052835114937041,3.8797983343128855,554.2715542521994,96.90263929618777,8.832581316394492,14.864772752918366,3.855486059230193,569.0546318289793,98.45011876484566,8.65513220867336,tijolos
RT8_1.jpg,10.818456062619763,3.2891421469160864,728.418670438472,101.18623290900527,6.300921431281629,9.164518882652242,3.0272956384621974,516.6038781163431,74.65057380292838,5.997272285854063,14.619306799124253,3.8235202103721453,1025.9565734681744,141.1499107674004,6.977838103641665,tijolos
RT8_39.jpg,4.547184304232723,2.132412789361554,394.3191094619666,51.88033395176253,3.069876349375152,3.346110367711431,1.8292376465925446,124.52808988764023,20.80296368669595,2.637163672098052,5.239875876328937,2.2890775164526294,556.9016838674636,69.31830526887559,3.197458318110996,tijolos
RT8_2.jpg,7.06913572924734,2.6587846338594896,294.9233064756791,47.234855267084406,5.167150146221264,7.096821274704626,2.663985974945181,300.70591805766315,48.85584218512896,5.100209471409848,10.173296163957705,3.189560496989782,546.1080402010048,82.83919597989949,6.124869255517735,tijolos
RT8_3.jpg,11.361598568790361,3.3706970449434284,358.38421052631577,68.68771929824564,6.9324176466814516,9.193414078794586,3.032064326295632,157.00456323337696,34.685788787483716,6.752683623431825,11.64924694971059,3.413099317293681,405.8458352508064,75.44178554993107,6.871640774968234,tijolos
RT8_37.jpg,13.483337812416018,3.671966477572476,440.45696721311486,87.2213114754099,7.076528113621046,13.840796292081698,3.720322068327109,460.23849372384933,90.5407949790795,7.125303268761493,7.753945705954327,2.784590760947527,199.40192819148947,42.33610372340429,5.333320143031552,tijolos
RT8_21.jpg,8.229775819398267,2.868758585067462,422.5505658999637,62.75355969331875,5.495596194027398,8.340847271940763,2.8880525050526287,441.4137678506047,64.17392896374963,5.549644358976622,8.319414981087522,2.8843396091805005,404.72010271459965,61.318782098312454,5.58764869853785,tijolos
RT8_29.jpg,8.442982820920271,2.9056811285686996,460.85743215876903,73.14418793033627,4.968043933699948,8.144238623187137,2.8538112451924946,412.64791427478053,65.27860696517408,5.0182098457406035,9.480736918007088,3.07908053126369,571.6677330895792,89.41727605118831,5.199637569540172,tijolos
RT8_27.jpg,8.441825375307259,2.905481952328608,420.44788942846486,62.55547254389232,5.670942281999923,8.646811884323464,2.940546188095583,322.4652223489167,57.281641961231415,5.578365897669532,9.355917065175193,3.0587443608734604,371.75972723626165,62.39189731247502,6.092899420446537,tijolos
RT8_8.jpg,6.173847994211922,2.484722921013915,593.9181663837009,74.67741935483875,4.345678862892664,6.1491223602022576,2.479742397952307,222.23628048780458,41.52103658536584,4.4829356682018835,7.313245440227609,2.704301285032348,824.9139917695479,101.20864197530872,4.551444017572974,tijolos
RT8_23.jpg,10.35340332317795,3.2176704808258334,474.24293286219097,77.71466431095394,6.086782483838827,9.66953946699902,3.109588311497041,241.87934326078678,49.51813669339457,6.303316714462276,11.467645332237039,3.386391195983866,565.521338506305,90.41173617846758,6.4583086937424605,tijolos
RT8_12.jpg,14.109496736289085,3.756261004814373,521.0293453724612,95.61512415349883,7.832777094331649,11.818786083737157,3.437846140207144,262.1259227095088,53.93052540164997,8.137602084979136,16.44612515623413,4.055382245391195,629.7739898989902,111.88888888888877,8.648461295653812,tijolos
RT8_35.jpg,9.43192330747161,3.071143648133641,375.58061855670087,70.0103092783506,5.4405079167630985,10.282073023910929,3.2065671712769293,428.27765631832057,77.7380848272847,5.786757042475532,13.415780340763764,3.6627558396327435,550.8874066168618,100.8191035218786,6.369477807984852,tijolos
RT8_36.jpg,12.45705108869828,3.5294547863229924,413.43252427184495,83.72087378640776,6.241466997822819,9.500273192564846,3.082251318851992,355.2454062882808,68.53899550837069,5.436346761630616,14.583961685181132,3.8188953488124198,499.69188894937383,98.47033206314666,6.696171855864503,tijolos
RT8_13.jpg,13.699084339460498,3.7012274098548037,552.3547105561864,99.494324631101,7.352236845277778,10.420126766293171,3.228022113662354,247.81391450125744,52.20368818105617,6.9179221410925855,15.292180182120394,3.910521727611342,636.554802955665,111.24076354679805,7.922101659501444,tijolos
RT8_17.jpg,13.549594531120475,3.680977388020806,623.7950643776821,101.00643776824036,7.655132929474673,12.022517324206769,3.467350187709163,544.9673704414585,86.62284069097889,7.459421021605462,17.964992178254786,4.238512967805429,873.9648074369201,138.30212483399723,8.375243502374866,tijolos
RT8_34.jpg,8.881102651877994,2.9801178922784235,370.19358578052584,65.6078052550233,5.4466297983929515,6.116534345718553,2.4731628223225726,159.00825126430647,32.0314080383284,4.551514033201042,9.263507660370493,3.0436011007309243,432.8600247015228,74.15026759983525,5.466554002609541,tijolos
RT8_31.jpg,6.235340600130699,2.4970663988229664,275.972222222222,47.16545893719806,4.487968962863859,7.053170171317413,2.6557805201705604,265.4099565653189,49.79953224189778,4.743426085621744,7.363236825522604,2.7135284825338766,520.0814307458141,77.04109589041097,4.626699795682138,tijolos
RT8_25.jpg,8.603198503573372,2.9331209493598065,396.9225830815709,63.48602719033225,5.544156879676612,9.682537487665297,3.1116776002126727,472.1172006745361,75.99325463743665,5.770268355954546,8.790364608333737,2.9648549051064435,328.47520976353945,57.85049580472918,5.57564720987068,tijolos
RT8_24.jpg,6.208984662870376,2.4917834301701216,390.5918975275546,53.31635388739942,4.131586675068489,6.297045159792634,2.5093913923086277,167.31071228266993,34.12787436904099,4.312936484115863,6.125086335822294,2.474891176561566,422.7864344637947,57.40054995417053,4.039544071563334,tijolos
RT8_22.jpg,8.618164053139589,2.9356709715394858,387.4264705882359,64.81888544891632,5.3166548776317075,8.595658991978183,2.9318354305755605,434.7810945273632,67.21048603138154,5.417199582696327,10.334181847007509,3.214682231108933,533.153103448276,86.70436781609195,5.734205832917876,tijolos
RT8_6.jpg,9.51982146549484,3.085420792289901,485.88205916250485,68.05186323472913,6.469985451517327,8.421675623986802,2.9020123404263467,204.08238728511202,39.52384041518007,6.179270825240608,10.453073870737756,3.2331213819987883,626.3393782383416,85.58635578583751,6.7398548150689646,tijolos
RT8_16.jpg,10.400578152135349,3.2249927367569913,563.9114093959732,84.89753914988816,6.389977680623143,12.704757964918818,3.564373432304592,728.3983228511524,108.44863731656197,6.93744299864296,18.555119630686978,4.307565394824201,963.3594377510051,144.15729585006682,8.705523433747757,tijolos
RT8_15.jpg,9.879150096369568,3.1431115310102453,647.4637681159422,90.07070707070703,6.155303896673493,10.030324415662502,3.1670687418593397,670.5235975066785,93.0338379341051,6.164377065354144,9.151278691017135,3.025108046172423,461.06527833400065,69.86143372046446,6.082336628553986,tijolos
RT19_31.jpg,18.97997881985977,4.356601751349298,856.3598971722367,129.60539845758348,9.091272961423602,13.555977505472832,3.681844307609005,157.54902846814275,48.04970628106643,8.349658952165026,17.92263464183768,4.2335132740830845,817.7024636765642,125.2349968414403,8.545213297061366,madeira
RT19_30.jpg,18.16367048367509,4.261885789609464,1098.7904893177106,149.2963473466572,8.806434642006614,13.634200207371105,3.69245178809028,162.68786407766993,49.91407766990296,8.590122899867316,18.65564559126805,4.319218168982443,1127.5070921985819,152.65744680851063,8.947511186457685,madeira
RT19_39.jpg,15.857554196104903,3.9821544666304574,191.98239060832475,57.25453575240137,9.749799307014536,27.64821080064284,5.258156597196668,1845.4353803849683,231.72318973418876,11.430736091926084,27.618269419422315,5.255308689261014,1858.769016697587,232.81354359925788,11.371462076372447,madeira
RT19_21.jpg,23.500765007217648,4.847758761243968,1117.1168185584097,175.52609776304874,10.280271600587843,14.722973070885168,3.83705265417158,292.0434065934069,70.32582417582431,8.717330559422548,22.746948889668776,4.769376153090546,1130.2175351530198,174.94706368899912,9.990727929268958,madeira
RT19_4.jpg,22.628809222326034,4.756974797318779,1021.9735364875705,162.61668003207726,10.362880633048807,16.120226486531696,4.01500018512225,295.13106525376446,68.63692136084784,10.04387598481638,23.40157434601457,4.8375173742338715,1009.3578512396689,164.07685950413207,10.530548625701199,madeira
RT19_10.jpg,15.420459231253938,3.9268892563012185,600.1379710144932,104.77449275362312,7.778110461333339,19.11094563339701,4.371606756490914,1193.97164591978,158.9453665283543,8.397035819307918,19.79795286863301,4.44948905703037,1221.2992125984265,163.99355762347892,8.519977603784772,madeira
RT19_25.jpg,16.425011012741255,4.052778184497797,198.19091903719908,59.4545951859956,10.014645791976656,27.67156069717046,5.260376478653449,1840.1058931860046,232.16850828729264,11.28697702950313,28.362950500168328,5.3256877959723035,1863.3261074458082,234.73798303487266,11.615089950158689,madeira
RT19_2.jpg,26.959048355545903,5.192210353553283,1369.7613741875598,204.0046425255339,11.797254022187314,19.277221027369787,4.390583221779288,234.39962476547836,69.16385240775487,11.559785015401221,26.965077617117277,5.192790927537645,1362.6450094161946,204.65630885122425,11.616805969742986,madeira
RT19_24.jpg,21.023788114998858,4.585170456482382,870.3707782672545,144.8010279001471,9.613337452794484,20.775363313609542,4.5579999247048635,1466.2415384615376,187.53230769230777,8.731239277003226,25.850767232398677,5.084364978283785,1663.8057742782137,213.59930008748879,10.501794479299447,madeira
RT19_32.jpg,24.321391335323305,4.931672265603555,1290.7451879010096,198.35838680109987,10.433350164834236,17.84556636104108,4.224401302083063,588.2340876944845,116.31471004243282,9.322993760172638,28.98312927986778,5.383598172214173,1438.9763617677274,224.96402877697867,11.631222042516525,madeira
RT19_36.jpg,19.887453668933254,4.459535140452786,884.8452123830092,142.6940244780417,9.359611382081754,12.755437474506161,3.571475531836409,285.8583015267176,59.59589694656495,8.113853740067656,19.183842020290154,4.379936303222931,816.5353606789255,134.44200848656286,9.264522182420423,madeira
RT19_29.jpg,22.757552324046436,4.770487640068511,1196.0719204284615,163.75210405508784,10.730316712559627,14.762690362405833,3.8422246631874395,152.8508124076812,48.96405711472187,9.402517575344634,21.912661271808993,4.681096161350351,1142.8712121212116,158.43787878787862,10.248303309314517,madeira
RT19_26.jpg,22.731092233257474,4.767713522565872,1131.9760383386579,176.67891373801913,9.627769957414827,23.673982651458207,4.865591706201642,1311.4553719008265,192.2404958677688,9.724165437366018,24.048337146617186,4.903910393412301,978.5405405405401,166.33251433251434,10.201268903943813,madeira
RT19_7.jpg,27.733634891998708,5.266273340038353,1208.1644325290426,189.41018766756022,12.237509840658097,16.894655000315705,4.110310815536424,322.10572947430603,76.87595983461304,9.828245584480506,27.561672649142032,5.24992120408888,1238.6092475068017,192.2320942883046,11.993725706101372,madeira
RT19_11.jpg,10.011689222032269,3.1641253486599212,125.78457343202189,39.8352162056876,6.334969852824779,14.238842828798202,3.7734391248300536,1038.7553571428573,139.1839285714286,6.275577917388129,14.450908058605895,3.8014349999185697,1045.6729368932042,140.02609223300973,6.346800589205945,madeira
RT19_8.jpg,10.798802594404181,3.286153160521308,455.69183762549073,75.97293758184215,6.006152615185562,8.663289871774648,2.943346712804091,260.47357065803675,50.498022294138785,5.472771519945845,9.840307682502964,3.1369264706879827,370.11796357615884,66.17342715231786,5.618159665771224,madeira
RT19_18.jpg,22.565412297275373,4.750306547716197,1084.5248756218912,172.15505804311783,9.999639324771627,17.189572127203114,4.146030888356129,436.16656111462964,93.12919569347696,9.664357492639361,25.80727087833153,5.0800857156480665,1190.8060109289625,191.60746812386157,10.747902751656135,madeira
RT19_12.jpg,17.467028226668635,4.179357393986381,898.8341531974704,145.35699226985236,8.093845339386023,20.0687575064711,4.479816682239475,1112.3579109062987,168.6835637480798,8.85539376885437,17.34197337727617,4.1643695053724725,723.4432132963997,128.775623268698,8.129932923395215,madeira
RT19_23.jpg,19.433039800070503,4.408292163646881,1009.4370319945557,147.54186521443188,8.636051599144176,15.339007213091508,3.9165044635607793,481.16731734523165,92.8192972671501,7.997201188533099,18.897042092768494,4.347072818894168,929.8310810810802,141.78513513513508,8.36644938285972,madeira
RT19_35.jpg,29.20676869707174,5.404328699947084,1400.240404040405,219.30909090909077,12.175525400559785,17.601033242203545,4.195358535596635,282.94927076727976,74.67152821813575,10.400691259428394,31.20743122326349,5.586361179091761,1481.4416135881113,229.65817409766476,12.899184473391132,madeira
RT19_3.jpg,24.34062346998973,4.933621739654321,1087.6904196357868,169.27870150435467,10.329657557441323,13.86390252691317,3.7234261812090717,165.53691275167802,50.91179290508147,8.494494335683486,24.83924947820035,4.983899023676177,1110.7264610389607,172.48620129870136,10.577027627801762,madeira
RT19_1.jpg,27.97813049443231,5.289435744427974,1408.3996350364969,206.35218978102188,11.63571685616552,16.037133153915196,4.00463895425233,197.52559912854028,59.3240740740741,9.772788681554106,27.933978918022444,5.285260534545335,1385.721915285452,204.4309392265192,11.628194284985144,madeira
RT19_37.jpg,18.089137811634334,4.253132705622331,917.9605263157891,136.06842105263138,8.630593549897322,15.895956533227672,3.9869733549683612,472.91896551724125,92.78448275862065,8.40056613749796,17.886268611495815,4.229216075290528,826.7177631578944,129.73223684210507,8.466859063545193,madeira
RT19_40.jpg,17.43194867110445,4.175158520476133,871.4520103761356,138.93968871595357,7.65877453962777,18.849099592394357,4.341554974014996,1026.383514986376,152.35899182561306,8.27320188840357,17.20439740117287,4.147818390572672,725.9826812058994,125.98139833226426,7.741914094380433,madeira
RT19_17.jpg,19.614020609742436,4.428771907622071,1015.743694614861,148.60259032038167,8.73142099008336,12.51716359394947,3.5379603720151347,161.18744473916888,48.035366931918645,7.676051073752732,20.414941554772295,4.518289671410222,1031.059113300493,151.66854327938077,8.971827009411573,madeira
RT19_14.jpg,12.866985440503033,3.5870580481089283,605.8982202447166,104.35873192436038,6.474904439442976,15.934157888911708,3.991761251491841,934.5683130211662,137.39961513790908,7.363353001446888,13.589551880295899,3.686400938625084,770.8142269253377,118.03821281599058,6.622247911666381,madeira
RT19_33.jpg,23.96899223671682,4.895813746121968,984.5286569717709,168.8537211291702,10.595023253470869,25.184786592528752,5.018444638782892,996.016814159292,176.09823008849577,10.497732083182514,17.179560395744943,4.144823325033884,592.1712707182313,113.46408839779005,8.736471105199582,madeira
RT19_19.jpg,25.073205017301103,5.007315150587298,987.9354575163401,163.24101307189565,11.221736797161517,24.961091495794907,4.996107634528594,913.146460537022,159.11716842961732,11.113700909086823,20.572386289622067,4.535679253388853,682.0620043258838,126.04037490987743,9.942559631730822,madeira
RT19_16.jpg,23.61111111111113,4.859126579037752,1389.7466666666678,191.53,10.584019984667911,17.132095766077228,4.1390935923312036,208.61853325753282,62.05912450255825,10.388548851653168,25.538305262215026,5.053543832026692,1453.1493848857642,200.28646748681882,11.32409608044147,madeira
RT19_5.jpg,17.681436440350073,4.204930016106103,759.3050624589093,127.32610124917821,8.237019555026473,19.23198364436225,4.385428558802691,686.6991869918706,124.32926829268304,9.07335954141566,16.504063143162284,4.062519309881774,549.1038318912234,103.92459826946839,8.30957412378241,madeira
RT19_28.jpg,15.707588168229574,3.963279976008454,706.2535559678422,120.59492888064314,7.559965483108236,17.003540006248222,4.1235348920857,1175.3160377358495,157.7216981132077,7.63691643375661,16.31054460425638,4.038631526180171,1061.3977572559359,147.45976253298142,7.466254551556051,madeira
RT19_6.jpg,17.06315960528416,4.1307577519486856,722.9853479853476,115.89499389499417,8.592871711181004,13.588808583902978,3.6863001212466378,491.5494111623136,84.96671786994375,7.776742230802205,15.37013636453392,3.92047654814232,667.9788110653323,109.99175985874054,7.692387040819215,madeira
RT19_20.jpg,14.330972569152934,3.785627103816874,701.3263574660639,108.9225113122172,7.5076103198744315,12.326423825924298,3.5109007143358952,529.5644355644355,87.70629370629368,7.063301178955399,14.502956777583398,3.8082747770589505,700.0605355064015,111.4842840512223,7.366671163298939,madeira
RT19_15.jpg,28.337341122760396,5.32328292717571,1555.39122486289,210.998171846435,12.198995985517941,14.906153752740751,3.8608488383697117,177.64987012987035,54.6898701298701,9.291447730487548,25.48918205601727,5.048681219488637,1449.5815789473672,198.67807017543876,11.031995601120675,madeira
RT19_9.jpg,22.09344313794572,4.700366276998604,1071.331800766284,162.7800766283523,9.654052494084844,17.06773870555376,4.131311983565724,480.1443553362123,97.96792103639727,8.691829252400767,22.251632690769434,4.717163627729001,1032.5042668735443,161.3343677269202,9.64242430260891,madeira
RT19_22.jpg,13.83179901862248,3.7191126654919286,824.5936582501463,122.92248972401643,6.785824264675467,11.550390708437197,3.398586575098124,375.6787735849054,69.29481132075472,7.024523760048852,14.523875216353035,3.811020233002317,772.981992797118,118.56662665066024,7.282444978204231,madeira
RT19_13.jpg,17.190016007888346,4.146084418808709,1032.4385216773285,158.03909026297097,7.238047912479458,17.63326164874554,4.199197738705042,1012.6888888888892,157.5691756272401,7.435067045942796,15.193286223318049,3.8978566191328854,421.07233273056124,90.76371308016869,7.883957465000685,madeira
RT19_34.jpg,12.022309724622698,3.4673202512347627,576.497326203209,91.48322800194465,6.443804144979574,10.47204717180991,3.2360542597135034,418.10294117647015,69.06596638655478,6.335280210077977,12.68105558502811,3.5610469787729717,577.779011099899,92.87790110998986,6.698136097000097,madeira
RT19_27.jpg,26.340416471422575,5.132291541935491,1341.419039145909,199.91014234875433,10.87216144348849,26.007879111111134,5.099792065477879,1382.3084444444446,203.3093333333332,10.499260649853433,19.393466069479434,4.403801320391218,469.5391956373557,100.96932515337421,10.288862480082539,madeira
RT19_38.jpg,18.1381301318641,4.258888368091385,813.2499999999994,135.74585635359102,8.421086391440491,23.397466724416855,4.837092796754767,1576.7671913835952,203.01242750621384,9.754744367957814,22.251387237415802,4.7171376106083445,1581.5287356321817,201.76026272577985,9.330791423438956,madeira
RT3_4.jpg,60.87489872559851,7.802236777078642,7780.212189616265,838.3431151241535,14.46238712608151,58.58240997229921,7.6539146828468905,7141.1271929824625,784.9868421052626,14.628393767462951,65.46989127797734,8.091346691248456,8147.137767220903,877.2612826603332,15.006617136458358,rochas
RT3_20.jpg,44.85796467442288,6.697608877384741,3631.4126712328793,474.984589041096,15.24639783556262,53.89362073617878,7.341227467949674,5726.4721115538,663.890438247012,15.225339416628604,52.217420222991365,7.2261622056933765,5224.370588235299,620.1117647058826,15.198379870844743,rochas
RT3_8.jpg,74.21543185985551,8.614837889354362,8305.561712846353,919.964735516373,16.89411111761432,76.51276791584503,8.74715770498309,8757.364102564105,956.0051282051296,17.019686407624615,78.34908136482949,8.851501644626717,8712.330708661431,958.8556430446171,17.304108609992497,rochas
RT3_38.jpg,34.009732396030294,5.831786381206902,2086.3845108695655,313.5421195652173,13.460485804118475,34.047781661121384,5.835047699986812,2204.2707182320437,327.6685082872933,12.990873895750275,32.79658403630848,5.726830190978992,2788.226173541961,374.1806543385491,11.790010292462169,rochas
RT3_9.jpg,58.69680476153181,7.661383997786027,7387.550884955745,805.652654867256,14.439563403213633,59.40132518248903,7.707225517816968,7953.852017937205,847.5336322869941,13.843339539969195,60.22073583873427,7.760202048834442,8048.694954128438,860.0068807339445,13.640946746499399,rochas
RT3_14.jpg,52.46715131505852,7.24342124379485,5480.619521912349,639.8665338645419,15.893521663168611,53.09128164452377,7.286376441313183,6072.221544715442,684.7621951219504,15.004345261559907,50.40320690389939,7.0995215968330845,6159.886639676117,689.5101214574896,13.622565088732875,rochas
RT3_36.jpg,40.41007331642787,6.356891796816104,4198.299674267093,511.2573289902287,12.257506910523034,42.28263341737945,6.502509778337857,4025.5535420098804,499.99835255354225,13.160736258049523,45.30043950804422,6.730560118448109,4396.20804195804,538.9003496503503,13.293420657089905,rochas
RT3_13.jpg,63.11899099711217,7.944746125403389,8984.677339901484,933.7315270935954,15.3280086763871,81.228848979592,9.012704864777943,12324.991428571428,1203.7171428571414,15.998734647080171,71.0149525200873,8.427036995295992,11158.786486486479,1105.4459459459458,14.131268960876834,rochas
RT3_33.jpg,45.9195319329088,6.77639520194246,4558.640488656195,554.2460732984299,13.145813449623489,40.7647294484911,6.38472626261229,3845.7306451612903,482.3532258064517,12.609545598918672,42.64263639988738,6.530132954227454,4458.851027397266,542.0873287671233,11.783200429252457,rochas
RT3_31.jpg,28.768261615489823,5.363605281477173,1732.4970414201205,263.70887573964444,12.086862899865698,37.28682120562485,6.106293573488327,3620.0758725341425,458.6433990895298,11.608893512333509,38.79085132590915,6.228230192109886,4019.382911392406,492.85759493670935,11.53289068084382,rochas
RT3_30.jpg,36.192707777440035,6.016037547874849,2048.4484240687675,309.9183381088825,15.557851428339372,57.44762636940219,7.579421242377427,5599.86046511628,668.1353065539124,16.905838372347624,55.52054399322036,7.451210907847151,5905.838641188959,686.4840764331204,15.780548523732223,rochas
RT3_27.jpg,49.83568866163466,7.059439684679986,2749.563963963966,403.95315315315366,20.253459840919948,48.44908603076214,6.960537768790723,3901.3465909090887,501.61553030303,17.69850698125487,50.902092823923375,7.134570262035645,4216.310756972113,534.5816733067721,18.15318245956557,rochas
RT3_32.jpg,39.87781872645756,6.31488865511163,2223.674750356627,330.6019971469327,15.7112583171997,40.31647112913662,6.349525268013084,2157.2234957020087,327.85100286532963,15.740657871911877,42.640298888931724,6.529953972956603,2817.4068322981366,392.3385093167698,15.457658896216156,rochas
RT3_24.jpg,40.34356661553844,6.351658572021834,2470.14673046252,366.48165869218445,15.878879699566713,42.05668323109478,6.485112430104414,2896.5559265442457,407.0333889816357,15.63021750544628,45.19671221907145,6.72285000718233,3492.1775362318836,469.4927536231884,15.804029008050454,rochas
RT3_22.jpg,41.755484840853775,6.461848407449201,3448.933014354066,455.20095693779825,13.587357873297453,39.619191178402794,6.29437774354247,3304.5285935085008,435.5734157650703,13.14444846790408,44.572844010341775,6.676289688917174,3988.632203389833,504.80169491525396,13.395109144358791,rochas
RT3_7.jpg,65.95989667030504,8.121569840265185,8089.098360655728,867.9086651053864,15.922737414263223,62.199206110604294,7.886647330178033,7499.977426636567,817.3182844243786,15.363602865461926,61.29639234912894,7.829201258693567,7885.2775229357785,846.7270642201836,14.2091726157579,rochas
RT3_15.jpg,54.516609141702,7.383536357444311,7036.978165938869,770.4934497816587,14.78276288640179,52.60268975458211,7.252771177597023,7258.760259179266,779.6889848812086,13.809695541808537,59.13960523705638,7.690227905404129,8036.664319248837,859.7394366197174,14.282233682770034,rochas
RT3_35.jpg,37.49395219047421,6.123230535466896,4073.2459283387666,495.2166123778509,11.940194895997724,44.76710556773471,6.690822488135125,5524.752767527689,629.2583025830253,12.283399882110402,38.791802744717074,6.22830657118908,4477.359932088284,530.242784380305,11.707229127553003,rochas
RT3_17.jpg,52.20870621232079,7.225559231804884,5391.420152091256,640.6216730038025,13.692790703272097,48.07344793388432,6.933501852158425,5087.492727272731,605.3363636363633,12.940349807139375,54.929530161234275,7.411445888707161,5892.610778443117,689.1257485029951,13.263072812975734,rochas
RT3_25.jpg,42.80084739571939,6.542235657305489,3281.588034188036,441.29743589743674,15.551773962093867,49.617487204023114,7.043968143314045,3683.612244897965,487.7235621521341,17.761684636360688,46.22634978748457,6.798996233818973,4151.5505617977515,524.5842696629221,15.387814808029042,rochas
RT3_10.jpg,76.12483395725165,8.72495466791958,10853.417582417585,1091.01098901099,17.037007269999357,79.54143229356875,8.918600355076393,12880.578347578337,1230.08831908832,15.685603211084212,71.98166260086313,8.484200763823493,11831.21095890411,1145.8246575342464,14.389961004797424,rochas
RT3_23.jpg,38.33203295108153,6.19128685743776,2945.4096385542157,401.28012048192846,13.428947686691611,38.660756202713955,6.217777432709694,3066.7293577981686,415.0107033639145,12.991896895453076,44.54125743162909,6.673923690875488,4209.818965517246,521.6120689655169,13.309421297038924,rochas
RT3_37.jpg,31.13744329433902,5.580093484372732,3529.1947449768145,425.35239567233504,12.279337088365335,56.69300153384774,7.529475515190135,9093.75837320573,914.3995215310989,14.789009256844839,48.21504166163515,6.943705182511362,7745.883516483529,794.0549450549463,13.583306577324157,rochas
RT3_26.jpg,42.26339438598958,6.501030255735592,3373.290378006876,442.80584192439886,15.853058117195582,48.96977468105333,6.9978407156103035,5570.775100401607,640.5461847389561,15.084504167033119,47.07927250550994,6.861433706267951,4974.872298624756,591.5245579567779,15.228647688621706,rochas
RT3_12.jpg,58.980510181350304,7.679876963946122,7199.921108742003,785.4946695095956,13.980749470679584,58.10220940376351,7.622480528263979,6947.864978902937,765.7510548523213,14.025499517079854,65.03905475206584,8.064679457490287,7730.78181818182,839.6863636363629,14.892471036634037,rochas
RT3_28.jpg,42.705983025663784,6.534981486252565,2717.288244766504,390.40901771336604,15.89064284775192,36.98538108356279,6.081560744049408,2584.8348484848493,373.2106060606062,13.478517766090892,42.7688657179256,6.5397909536869445,3489.852487135506,465.4271012006869,14.29531638682712,rochas
RT3_6.jpg,55.40526729726854,7.44347145472249,6369.540206185567,720.7896907216508,14.116315872426595,51.46221148496975,7.17371671345961,5800.942800788951,667.9329388560151,13.582178113384838,62.13858271604927,7.882802973311541,6880.033333333341,777.4599999999992,15.081488570678161,rochas
RT3_40.jpg,42.33736292162863,6.506716754372256,1920.3297872340431,307.22948328267495,18.86848719286997,59.97432583711172,7.744309255002134,4439.503118503123,578.1517671517673,20.172291020565186,54.636579822826775,7.391656094734574,4868.488706365503,603.8767967145787,17.104004429271672,rochas
RT3_2.jpg,78.148442016418,8.840160746073456,10111.12634408601,1042.8844086021495,18.00807077888688,75.72892140823274,8.702236575055446,9827.94459102903,1016.9736147757264,17.360552377036175,83.91227760434609,9.160364490801994,10673.617563739344,1099.3116147308758,18.214415068268025,rochas
RT3_16.jpg,46.63403195765111,6.828911476776596,5987.968316831677,674.3366336633667,13.303706476724823,63.34987838984739,7.959263683899874,8746.353221957042,917.6754176610984,14.631086993776881,58.42285680759958,7.643484598506076,8051.263279445721,856.7598152424938,13.864156239354756,rochas
RT3_3.jpg,64.78736364240065,8.049059798659757,8660.97542997543,910.5429975429986,15.995999591732852,70.67905568924753,8.407083661368402,10453.370757180151,1044.2480417754557,16.116567311682235,73.68024789125364,8.58371993317895,10355.33153638815,1048.8140161725062,16.366199230191043,rochas
RT3_21.jpg,39.76062034097696,6.305602298034421,3088.0423600605136,417.78214826021195,13.116463064853136,38.565850609939325,6.21014094928121,3968.0310077519357,490.67286821705414,11.071071019866954,46.58943901501458,6.825645684842906,4018.3634812286687,510.8378839590448,13.793203573739218,rochas
RT3_29.jpg,36.45556932966021,6.037844758658524,3027.971212121209,406.08333333333314,12.67952946361053,37.204687726810924,6.099564552229194,2875.3012048192777,390.8493975903619,13.514113017900003,40.92413055555567,6.3971970858771945,3742.274999999997,474.87166666666724,13.253655460773867,rochas
RT3_1.jpg,68.56374707366683,8.280322884626349,7985.102625298325,871.6276849642001,16.53713186219677,64.65370216419178,8.040752586928154,8038.01631701631,870.8508158508146,14.767589700710145,70.31369967725529,8.385326450249584,8290.258620689652,905.1995073891622,15.60992890377585,rochas
RT3_11.jpg,62.99317172048063,7.936823780359536,8110.165158371037,863.5361990950237,14.302548739870929,59.52132386888283,7.7150064075723765,7655.894736842103,824.4385964912282,13.536640436906744,62.008455578512525,7.874544785478874,7946.32954545454,853.6431818181812,13.836177756459445,rochas
RT3_18.jpg,49.401007156109145,7.028585003833214,5461.556586270881,637.4675324675312,12.465687466572108,53.931263147424374,7.343790788647534,5224.333973128596,629.8042226487509,14.46472485243313,55.32647497658762,7.438176858383216,5847.460159362557,683.3565737051787,13.311304274265705,rochas
RT3_19.jpg,37.71034882944448,6.1408752494611445,3800.0182094081943,476.81638846737513,10.650454528487279,38.37859504132223,6.1950460080069,3691.7000000000035,465.63333333333304,11.284902062650534,41.47596954125773,6.440183967966888,3972.175241157556,497.73151125401955,11.712592630438516,rochas
RT3_39.jpg,40.329706122449075,6.350567385867902,1154.8985714285732,231.19857142857174,19.950050279358305,43.34017484034973,6.583325515296181,1645.6881889763772,293.593700787402,19.299925429987834,41.086658412049516,6.40988755065559,1823.3106180665625,307.6656101426312,18.002803763425593,rochas
RT3_34.jpg,40.83754099151239,6.390425728502945,4797.748263888891,557.2552083333335,12.569370015060363,37.698216035326546,6.139887298259354,4327.097199341025,511.8912685337728,12.16626302340938,42.36237651109303,6.508638606582258,4825.322580645161,564.8494623655905,12.962996031667924,rochas
RT3_5.jpg,73.78640131788711,8.589901123871398,8433.270618556715,920.6572164948436,18.28962538644489,64.76949971164909,8.047950031632222,8935.924019607843,934.718137254901,14.935403773785277,75.35264805971036,8.680590305947538,9395.029411764712,992.703208556149,17.077161603304443,rochas
RT7_33.jpg,15.513347091196207,3.9386986545299716,1223.8737334372563,164.79189399844128,9.29038789852436,16.31180030891856,4.038786984840691,1693.4314410480347,215.90480349345,8.768884320469317,18.702889778596663,4.324683777872859,2190.030753968258,265.20734126984087,9.14471978871333,folhas
RT7_6.jpg,13.54211514872231,3.6799612971772286,706.9268130405854,113.06919494344648,8.74142272905694,15.231851146021327,3.9028004235447815,914.0293453724588,141.87283671933773,9.186262775875596,15.820422367638333,3.9774894553773907,1149.429268292681,167.7073170731703,9.07559661849687,folhas
RT7_31.jpg,16.40336278853144,4.050106515701956,1192.8075970272498,174.3286540049542,8.852743020142885,18.27514029054078,4.274943308459281,1355.7271095152582,196.8779174147214,9.206398522212549,24.609340992298883,4.960780280590835,2021.6471910112348,276.90786516853944,10.716219636869683,folhas
RT7_13.jpg,19.973775325656508,4.469202985506086,1316.1636363636376,196.4488038277514,10.910401654618154,23.29254947311126,4.826235538503199,1598.5037194473935,229.96386822529212,11.923642376061505,24.70817392189648,4.970731729021038,1902.0543981481512,266.52199074074065,11.622287612051275,folhas
RT7_37.jpg,17.137694113993945,4.1397698141314505,1601.5735682819356,212.63259911894284,8.709669716065548,18.928721999999972,4.350715113633616,2183.3579999999993,276.4159999999999,8.287405396225035,20.526142604221576,4.530578616934219,2647.617647058825,321.43899782135094,8.027442611256529,folhas
RT7_1.jpg,17.822015357770802,4.221612885825843,1770.9735401459818,232.58120437956222,8.495700207643685,25.26660061507856,5.02658936209022,2402.1895573212255,309.9580022701476,10.565051746312696,25.640137174484064,5.063609105616671,2747.169249106081,343.7413587604288,9.803892718803633,folhas
RT7_22.jpg,11.954970394649044,3.4575960427223196,663.1686082158177,106.6523605150215,7.844437758231163,14.521017550653928,3.8106452932087405,790.106263194934,127.86418015482053,9.025119821028222,16.195180066977574,4.0243235539625255,1053.9472422062345,160.9528377298162,9.254904283025612,folhas
RT7_29.jpg,16.41578850158445,4.051640223611229,1255.8663829787235,180.58978723404235,8.903985037498618,18.78098373958359,4.3337032362153725,1374.6108007448793,200.54748603351962,9.657974002624861,23.240032224657554,4.8207916595365905,2008.8307174887896,273.55044843049353,10.4432323613652,folhas
RT7_4.jpg,15.864864705830467,3.983072269722264,1743.1886792452833,222.52487135506053,7.6587101031824245,21.31677206776473,4.617008995850531,2362.6158663883116,293.84968684759923,8.99287186175444,22.005669247787605,4.691020064739396,2726.2842920354014,329.1847345132741,8.57598107343999,folhas
RT7_40.jpg,14.331751130737347,3.7857299336769055,1576.7993393889326,205.44838976052824,7.116264605014652,17.03028846153848,4.126777006519553,2129.1798076923064,268.06634615384576,7.474259094037631,20.1759360228262,4.491763130756808,2689.4193194291965,325.62129527991226,7.778834536690107,folhas
RT7_15.jpg,15.63248996058632,3.95379437510176,1013.2610379550728,152.041828040279,9.26425800660307,18.193702632490947,4.265407674829095,1292.2460595446555,186.10595446584932,9.887729882911165,20.152308249460763,4.489132237911996,1570.1564027370487,220.72140762463417,10.093640834272783,folhas
RT7_8.jpg,13.640267905481371,3.6932733320837996,749.8249510124108,112.41802743305027,8.979390140094845,14.860232641909704,3.8548972284497682,963.5181422351234,139.05805515239476,9.226346372514298,15.159849426597635,3.893565130647956,1218.0148902821306,166.43808777429496,8.919264115968508,folhas
RT7_24.jpg,14.794006680581367,3.8462977888589656,743.6706128133693,120.64275766016719,9.503244528005778,13.757494000232752,3.709109596686616,793.0042046250876,127.86054660126135,8.38860248917347,15.542857306903189,3.942443063241775,1077.5982428115028,162.35543130990425,8.760442676125727,folhas
RT7_28.jpg,13.606874996822746,3.6887497877767133,775.9864038069342,122.39564921821892,8.62087934493712,15.06346549251956,3.8811680577526606,921.4354354354368,143.88438438438436,8.88588998431886,16.5798388750924,4.071834829053408,1210.5636057287275,178.1053074978936,9.073223761807041,folhas
RT7_11.jpg,17.25818765217781,4.154297492016888,1485.6141732283438,201.03499562554657,9.101281398185135,19.093658541814786,4.369629108038208,1636.8005671077515,221.24669187145548,9.489683265679957,21.55156281277709,4.64236607914295,2137.304812834222,275.4716577540102,9.498293084998602,folhas
RT7_21.jpg,17.832463217845255,4.222850129692653,1003.4377076411956,159.16029900332177,10.2630571211555,18.062978632169933,4.250056309294023,1068.523727351165,170.84296807592744,9.80112907186139,24.90727490376663,4.99071887645123,1589.686615886836,238.99238302502738,12.077712379426128,folhas
RT7_20.jpg,10.975444801148365,3.312920886641932,1193.2703238598806,153.81493721083947,6.292568876085541,11.08783568071638,3.3298401884649627,1205.5660762942778,159.48433242506795,6.017424954030244,12.704956544595616,3.564401288378683,1615.5085803432123,201.9812792511701,6.336072982390961,folhas
RT7_39.jpg,15.798747668628328,3.974763850674443,1619.7914893617033,210.91489361702116,7.951176245129512,17.633881304505586,4.199271520693272,2187.3597678916835,272.51450676982563,7.749070882201641,18.64305511557359,4.317760428228225,2570.502590673574,308.94404145077726,7.366097105253498,folhas
RT7_25.jpg,16.136246674356027,4.016994731681388,974.1545098039219,153.69019607843154,9.002276976988073,17.897341181421655,4.230524929771914,1070.561120543292,170.3607809847199,9.438257864620379,20.762599985284652,4.556599607743109,1451.4359726295224,217.54349951124203,9.857743141317599,folhas
RT7_32.jpg,15.708592689731127,3.9634067025390074,1038.0462606013868,152.670778720123,9.413158196886206,17.23471297011277,4.151471181414219,1199.2707460184442,174.5901089689861,9.679804247671415,22.099668676334836,4.701028470062146,1757.9917440660497,241.5975232198142,10.956029838060513,folhas
RT7_7.jpg,15.209388902407976,3.8999216533679206,857.0092658588737,126.91518175338554,9.884491205001009,16.521101045501013,4.064615731591489,1073.7284820031305,152.44835680751183,10.169907546206625,18.294194637402295,4.277171335988576,1390.370826010545,187.99472759226683,10.620515496621755,folhas
RT7_23.jpg,16.43508647295719,4.054021025223869,890.8259202453997,142.98236196319027,9.645111492160893,17.611794186230657,4.196640821684727,1004.3413025556464,160.78153338829355,9.7249865336011,22.612464273462447,4.755256488714615,1450.1885656970921,217.79137412236707,11.155218561686839,folhas
RT7_12.jpg,17.5442707474512,4.188588156819813,1563.8358744394575,206.0959641255606,9.652116894408739,19.548264129181046,4.421341892364924,1777.6607843137242,232.58431372549046,10.040592096595802,21.03363731374476,4.586244358267967,2304.020765027327,287.7540983606558,9.51324944004198,folhas
RT7_10.jpg,23.144385809872432,4.810861233695317,2035.0584269662909,266.44494382022475,11.972990977453378,25.67060114892089,5.066616341200594,2221.500601684717,289.2021660649818,12.82742752328864,28.651442022726915,5.352704178518267,2929.3004115226368,365.0754458161874,12.328178260608952,folhas
RT7_38.jpg,17.48361403373544,4.181341176433159,1635.4910394265248,216.64157706093215,8.792160628100312,20.358303976087218,4.512017727811718,2234.1671858774625,284.65109034267937,8.92472419258228,22.701784121557,4.764638928770679,2762.231566820278,338.1831797235033,8.734886653123061,folhas
RT7_27.jpg,13.434964090368585,3.6653736631302114,839.7234482758633,132.7358620689657,7.727292315969229,16.363205628305206,4.045145934117236,996.5758293838866,157.95971563981067,8.759021200176887,19.671331663473353,4.4352374979783615,1380.7918593894528,205.6558741905641,9.51582800402323,folhas
RT7_17.jpg,16.527063247118864,4.0653490928970495,1488.3953687821595,200.63379073756457,8.5800345957414,19.752535147392212,4.444382425871137,1630.4485714285722,224.35142857142878,9.719330910159409,22.662428172743073,4.760507133987205,2102.048966267682,277.7072905331886,10.038640226077797,folhas
RT7_35.jpg,12.079870278218158,3.4756107777221197,1017.1762778505895,137.66120576671028,7.390460424539314,13.147687027317797,3.6259739418972385,1374.3402520385475,178.5700518902892,7.273388804420237,13.395972193219137,3.660050845715007,1726.3065925337578,209.91104050834002,6.857841373401321,folhas
RT7_2.jpg,17.271392964899473,4.155886543795376,1648.477056277057,216.3922077922073,8.624360853050892,20.46806503772912,4.524164567931755,2073.4604743083014,266.55138339920956,8.998217639199451,23.262208619101763,4.82309118917544,2491.3960396039643,312.4103410341037,9.384143558620064,folhas
RT7_14.jpg,14.21281174597522,3.7699882952040076,1053.227201257861,155.98820754716988,8.366721981805973,15.723035697195886,3.965228328507185,1289.341085271318,183.58397932816519,8.626436125044274,16.682096983691718,4.0843722875971675,1531.3142589118183,212.37992495309558,8.51432766818463,folhas
RT7_30.jpg,15.80213809809261,3.9751903222478053,1066.8644200626954,154.5039184952979,9.632639104187305,14.659685330916382,3.828796851612316,1092.2928739232595,159.78543461237263,8.418383950428247,17.1853044553471,4.145516186839354,1562.0367985280589,212.94572217111315,8.836356210201023,folhas
RT7_5.jpg,18.157914872340736,4.261210493784687,859.4224899598379,136.84899598393565,11.666361511166008,19.28347860192515,4.391295777094177,1050.3374019180471,162.14908456843943,11.698054938613378,20.39775599469731,4.516387493860255,1336.1040076335871,193.95324427480918,11.692347220991813,folhas
RT7_16.jpg,11.745483463189181,3.4271684322760065,802.7139107611554,122.64304461942231,7.336910407203155,13.693747893087291,3.700506437379523,1064.1342835708936,154.51087771943003,7.88612567276461,14.358862449600133,3.789308967292075,1260.9512195121933,177.97886178861796,7.751258898989878,folhas
RT7_3.jpg,17.146965293435322,4.140889432650348,1856.069494584836,237.21570397111893,8.00272349649117,24.697998817477337,4.969708121960216,2563.0237825594554,320.7519818799546,9.983728264354102,24.838086901719358,4.983782389081545,2942.807100591714,355.6,9.303017221645277,folhas
RT7_9.jpg,19.79317014673255,4.448951578375803,1693.379241516963,230.8682634730537,9.905446483601802,22.7717544537162,4.771975948568496,1828.513542795232,250.65872156013003,10.988753266676271,26.310770766351048,5.129402574018835,2445.9900249376583,319.3591022443892,11.051985665936858,folhas
RT7_36.jpg,14.128863043135214,3.7588379910732006,1035.806968641115,142.6181184668989,8.694171606420301,14.767689307858474,3.8428751356059534,1341.8914373088685,177.80275229357795,8.451305873604316,16.012396799687327,4.001549299919636,1778.3014517506397,220.03159692570424,8.314176408579861,folhas
RT7_34.jpg,13.6888699308313,3.699847284798563,970.4010876954452,135.64785859959207,8.45956383295561,13.80179046602011,3.7150761050105165,1297.813609467456,172.1331360946742,7.860531304735162,15.868620421987544,3.98354370152852,1722.088210347752,215.57591178965228,8.11560324738661,folhas
RT7_18.jpg,11.754833745603237,3.4285323019629312,1176.3643048128342,152.99532085561486,6.906918769500647,11.400327875047974,3.376437156981894,1178.880515953835,157.24983027834338,6.260798957013475,13.370724294109285,3.656600100381403,1547.2048475371369,197.13760750586403,6.809479063785546,folhas
RT7_19.jpg,16.658352152369744,4.081464461730587,1527.9201716738207,202.75107296137318,8.526455223171233,19.08937547925365,4.369138986030732,1665.964386129336,224.5229615745081,9.308289129268434,21.233633098328294,4.607996646952805,2160.3976793248967,277.4483122362871,9.237448038419858,folhas
RT7_26.jpg,13.195519503636197,3.6325637645657642,796.6603773584908,124.15094339622641,8.379937827225,14.52471237024218,3.811130064723871,910.466176470589,141.9235294117648,8.621647715233381,15.768946259305798,3.9710132534789904,1173.50822368421,174.06085526315772,8.66298656521596,folhas
RT21_15.jpg,63.03050716181987,7.939175471156931,5496.63656884876,670.5056433408573,21.526142901985864,59.66412728247925,7.724255775314489,5108.531590413939,635.8257080610027,20.76896743169512,66.14383205436387,8.132885838026,6267.432692307696,749.9182692307689,19.31277431857723,capim
RT21_38.jpg,57.174767170646575,7.561399815553108,3256.0601092896213,478.2568306010928,17.794236289298173,61.21526886628339,7.824018715869958,3903.034816247581,545.6112185686652,17.39101587471023,61.339420318603516,7.8319486922862,3858.078125,541.43359375,17.61409827666787,capim
RT21_32.jpg,39.205604092435784,6.261437861420952,2254.8288543140025,334.5629420084864,16.61647555945599,50.42574853070479,7.101108964852235,3387.8622448979586,462.5833333333326,17.402517203464637,62.43175794137037,7.901376964894813,3895.3844660194213,537.6640776699039,18.745202751388046,capim
RT21_6.jpg,62.29743091686902,7.8928721589082524,4913.681720430101,628.3053763440853,19.650534244550954,61.03385633270324,7.812416804850035,5473.999999999995,672.9391304347822,18.193799482525986,67.1301666476493,8.193300107261377,5969.990675990675,731.2167832167819,18.503278673987733,capim
RT21_5.jpg,77.39068928787725,8.79719780884102,7718.641160949866,886.6675461741427,21.201459674418984,70.20461666263323,8.378819526796912,8108.856777493616,904.8976982097167,17.506403440533163,93.34483415590088,9.661513036574597,9799.936746987947,1084.7439759036154,20.729049610828902,capim
RT21_22.jpg,53.50541136834576,7.314739323335163,4298.223938223938,563.247104247104,16.320644431985965,53.9577637519723,7.345594853514064,4935.626482213441,616.9387351778662,15.488876203096527,62.488897567769754,7.904991939766274,5563.95661605206,686.255965292842,16.624932519571757,capim
RT21_9.jpg,87.9822032363242,9.379882900992111,7545.5137362637315,889.6895604395608,23.721054847292265,92.13589972255254,9.598744695143868,8785.393678160928,996.55459770115,22.30674448380306,88.0264963197314,9.382243671943902,8588.278409090915,973.5227272727278,21.40987519843254,capim
RT21_31.jpg,46.51128452884837,6.819918220099737,4587.384328358208,542.3731343283578,17.971596080794974,52.64396186859703,7.255615884857538,6224.29769392033,691.0775681341714,17.205937640268704,55.530360662380836,7.451869608519787,5707.461373390562,661.1866952789691,18.359271865518842,capim
RT21_12.jpg,61.79825496897329,7.861186613290216,5810.1425389754995,685.4387527839641,20.11099419191087,84.54705624543449,9.194947321514924,8071.940540540532,911.5945945945937,23.34976250855503,79.83024700090553,8.934777389555126,7735.252659574469,884.8643617021271,21.134761579244387,capim
RT21_28.jpg,36.58330772616651,6.048413653691893,2595.6080691642624,356.4726224783859,15.93782760833021,46.28317743945757,6.803174070936122,3640.972696245732,472.0648464163823,17.215035363704054,50.84336530215503,7.130453372833668,3986.6746765249527,520.896487985213,16.61134205321459,capim
RT21_27.jpg,42.201586700595975,6.496274832594136,2431.0697329376876,361.34272997032576,16.395482113683848,48.69311815714138,6.978045439601363,3120.7164179104475,441.99668325041404,16.205070851519185,54.090726609370336,7.354639801470248,3505.489247311832,490.6577060931898,16.51563758344327,capim
RT21_14.jpg,58.75352322263254,7.665084684635424,4623.997907949796,591.1066945606713,20.468432810302307,68.30643170446751,8.264770517350588,6057.715962441314,731.1713615023468,20.560062131795437,80.09310844999116,8.949475317022287,6774.389610389601,816.9870129870129,22.509128302161486,capim
RT21_26.jpg,44.61080646543836,6.679132164094251,2463.587519025877,371.4322678843224,16.64218070208625,53.72222812673435,7.329544878553808,3130.3350515463867,451.8470790378017,17.885061274094607,54.75454494375019,7.399631405938419,3215.724381625439,464.90459363957524,17.471004941684917,capim
RT21_2.jpg,62.512179688443545,7.906464424029463,5083.4373626373645,654.2241758241765,18.78173180227738,85.11714397693235,9.225895294058585,6975.5185185185255,857.2328042328038,21.33000384540323,92.40559115010721,9.612782695458543,7470.907303370782,917.6825842696635,21.520591037178942,capim
RT21_20.jpg,89.1803078345887,9.443532592975401,8281.272988505742,946.7902298850585,25.480715623979805,113.22248888888903,10.640605663630668,10665.069999999994,1181.5899999999997,26.862197469720023,119.89785564086283,10.949787926752865,11454.47202797203,1254.5279720279723,26.697226531739698,capim
RT21_39.jpg,71.9027313093471,8.479547824580454,5990.46080760095,754.1710213776726,18.33842572720768,80.92756929979167,8.99597517225296,6555.698734177217,816.9139240506319,19.59183706168415,71.69766874727803,8.467447593417868,6279.115662650607,774.1759036144574,17.964895078656703,capim
RT21_10.jpg,89.17690311111119,9.44335232378371,6262.042666666664,767.8560000000009,29.611047485190515,85.07953053936119,9.223856597939996,7817.67127071823,907.1243093922652,21.796172565727,105.73260742187473,10.282636209740902,8967.443749999995,1027.2312499999994,27.31494443252112,capim
RT21_23.jpg,47.75623889361046,6.910588896296065,2976.9235880398664,424.12956810631164,18.195171266572075,51.63051213705294,7.185437504915963,3773.440647482013,507.03417266187057,16.87089782402783,65.3330984911029,8.082889241546175,4565.378378378379,605.6860706860712,18.731288810072662,capim
RT21_19.jpg,76.9772157799663,8.773666039915486,6411.048346055986,781.0687022900767,23.24005166028996,88.577641711905,9.41156956686317,8002.702247191005,931.1573033707878,23.6707254422899,92.9186797499158,9.63943358034671,8407.671554252203,979.6832844574776,23.236384217637593,capim
RT21_4.jpg,86.58888437013232,9.305314845298483,7502.429362880887,899.2437673130189,22.948232548038803,75.19654066500355,8.67159389414677,7701.227748691104,890.8769633507857,18.969955205909255,83.35700195682357,9.130005583614041,8420.103932584281,964.7837078651697,19.993609108824835,capim
RT21_11.jpg,59.30670682085092,7.701084782084334,5709.814569536425,671.2847682119215,18.86122492040671,62.86718481719743,7.928882948889927,7538.047846889963,830.9999999999983,16.556015982506562,76.87601078167157,8.767896599622487,8711.835579514816,948.9676549865237,19.667065826152694,capim
RT21_33.jpg,36.52359521331948,6.043475425061269,3543.4387096774176,448.3580645161289,13.629665096487654,46.83946822294225,6.843936602785144,5251.096339113676,612.3641618497109,14.799881357796467,55.72497863406665,7.464916518894679,6224.426724137933,705.0689655172409,16.949568154775307,capim
RT21_36.jpg,70.57505580357164,8.400896130983387,4833.035714285712,643.9196428571427,20.145280242785873,73.49939976636604,8.573179093333234,5539.556844547566,710.3457076566104,19.49994688419976,78.8699660124722,8.880876421416538,6063.842751842743,765.8968058968079,19.859033960833283,capim
RT21_24.jpg,40.10734518985976,6.333036016782137,2588.618263473053,372.7769461077843,15.693453087773326,43.57090150109652,6.600825819630186,3285.5357142857156,445.9448051948054,14.815918303988697,52.43780074070059,7.241394944394387,3977.511029411763,528.235294117647,15.71032011079713,capim
RT21_3.jpg,72.66122797816762,8.524155558069527,7176.287531806609,838.4707379134859,19.543522109305748,83.47610873568233,9.13652607590447,8979.631284916171,998.865921787709,19.56999117785457,93.5338917353528,9.67129214403912,9083.259701492532,1034.3880597014922,21.262864874900377,capim
RT21_40.jpg,74.33560360598617,8.62180976396407,5378.11737089202,704.5446009389672,20.27851372296953,79.75863885893556,8.93076921989005,6301.257425742575,792.054455445545,19.59062882184968,80.59292933779162,8.977356478261939,6398.98488664988,801.0806045340055,19.510620197294298,capim
RT21_34.jpg,49.03592635311195,7.0025656978790245,2694.68300653595,401.2843137254909,17.78644783281312,59.57914523149984,7.718752828760604,3704.043233082705,519.3627819548872,18.225201947149017,55.95664439345763,7.480417394334198,3474.408424908426,492.2728937728938,17.186349256894044,capim
RT21_18.jpg,74.2102376033053,8.614536412559024,3912.0659090909103,578.8431818181812,24.087266829641795,70.66079126759936,8.405997339257214,4726.410138248847,650.1935483870978,20.53008736294367,74.7863386664633,8.647909496893645,5130.542372881353,694.5036319612597,20.73791300560831,capim
RT21_8.jpg,81.04493155286805,9.002495851310794,6704.9708994708935,819.1507936507929,23.612178692687706,103.66672737206385,10.18168588064196,9039.767801857579,1050.2941176470595,25.01273345631872,100.66923865847511,10.033406134432868,9030.708978328163,1045.9349845201216,23.982872411153306,capim
RT21_13.jpg,31.762096052207518,5.6357870836474575,3075.9767779390486,387.3381712626987,13.511458586653452,45.716426894388796,6.7613923783780505,5047.542213883672,586.1575984990621,15.36808771128327,49.23549706973267,7.016801056730387,5458.371257485035,632.1037924151701,15.415769133487903,capim
RT21_16.jpg,64.68035777856893,8.042409948427705,6515.162735849052,750.9551886792453,20.640630430180995,70.40415827260698,8.390718579037612,6341.222493887529,754.8459657701709,22.382857115360583,82.98403725395477,9.109557467514806,7579.521978021976,884.241758241758,22.85213157408545,capim
RT21_1.jpg,66.47537113236221,8.1532429825415,5207.644646924828,676.277904328018,19.642597158722758,95.81364411059197,9.788444417301044,7193.061797752821,897.5674157303372,23.617231009586476,102.11974913494815,10.105431664948714,7529.185294117652,937.2323529411768,24.507103908430988,capim
RT21_7.jpg,60.338969492908866,7.767816262818584,4174.474747474747,561.8565656565647,19.69401124079606,64.02072859810397,8.001295432497413,4725.2161016949185,617.7245762711857,19.66838529155406,77.63797188709053,8.811241222840884,5521.631578947372,714.2248803827752,21.66387984515824,capim
RT21_35.jpg,36.445527720859786,6.037013145659017,2333.684281842818,334.7655826558261,14.442568151482646,49.15992403320472,7.0114138398189505,3354.373158756138,449.63338788870675,16.800542859446526,49.390548690064236,7.027840969320822,3518.5882352941208,470.941176470589,15.53074909919513,capim
RT21_17.jpg,54.23935818626475,7.36473748250844,4868.079268292686,602.8556910569104,17.9936633327118,69.57661439613582,8.34125976073973,6525.715990453459,773.439140811456,19.25823424022211,75.17541678476634,8.670375815659108,7092.901015228434,837.2005076142134,19.19443312036178,capim
RT21_25.jpg,39.59514160293399,6.292467052192962,2223.070821529742,341.3541076487247,14.54347154463926,45.62665102547936,6.7547502563365995,2711.9313572542874,401.97815912636514,15.42874940059883,45.089531621630705,6.714873909585399,2851.1442155309037,415.50554675118906,14.480128976370395,capim
RT21_37.jpg,49.81379517735622,7.05788886122162,2637.3980424143556,407.00652528548153,15.916678274830824,52.00735110505047,7.211612240341994,2819.0988274706833,425.36348408710217,16.512464825378483,42.2622472546575,6.500942028249252,2504.8300455235235,376.99393019726915,14.365852980702321,capim
RT21_30.jpg,37.22912709949176,6.1015675936181974,3771.2035830618897,451.4706840390888,15.82204147193876,42.719402712900944,6.536008163466517,5422.352059925096,599.2397003745327,15.507669469196115,58.439278048985905,7.644558721665097,7197.71100917431,775.9220183486243,18.231405920312856,capim
RT21_21.jpg,64.06419671071514,8.004011288767348,4711.510593220337,614.5741525423731,20.64931287191699,62.11741973840668,7.88146050795198,5716.640086206909,695.3211206896561,17.011667477967748,68.55204212608365,8.279616061514185,5923.967889908254,731.7018348623859,17.416790545807107,capim
RT21_29.jpg,34.05288155416755,5.835484688881254,2407.493758668516,330.6699029126221,15.371619873324612,42.75015398507808,6.538360190833638,3572.520868113526,460.4040066777959,16.220629612023806,48.3681167549739,6.954719027751868,4257.76838235294,530.0845588235289,16.12972332032167,capim
